Workbook

Sheet MATCHES
A1: yt_id | B1: yt_title | C1: yt_dur_s | D1: playlist | E1: yt_topic | F1: local_file | G1: local_dur_s | H1: local_topic | I1: has_sub | J1: dur_score | K1: tfidf_score | L1: score | M1: match
A2: hQPyeZn-CEo | B2: 2. ¿Cómo presentar un reclamo? | C2: 33 | D2: Guía de Información 2018/2019 | Accesibilidad | E2: Accesibilidad | F2: DSC_0841 p.66.MOV | G2: 45.45 | H2: Accesibilidad | I2: TRUE | J2: 0.726 | K2: 0.367 | L2: 0.556 | M2: OK
A3: V-YJmvUkKog | B3: 3. Ley No. 962 de accesibilidad edilicia | C3: 47 | D3: Guía de Información 2018/2019 | Accesibilidad | E3: Accesibilidad | F3: DSC_0845 p.68 edificio accesible.MOV | G3: 52.55 | H3: Accesibilidad | I3: TRUE | J3: 0.894 | K3: 0.304 | L3: 0.58 | M3: OK
A4: Aza2d0yi5bs | B4: 5. Guía de Turismo Accesible | C4: 52 | D4: Guía de Información 2018/2019 | Accesibilidad | E4: Accesibilidad | F4: DSC_0847 p.69.MOV | G4: 54.15 | H4: Accesibilidad | I4: TRUE | J4: 0.96 | K4: 0.286 | L4: 0.593 | M4: OK
A5: Lq8JAf8gTI0 | B5: 2. Pase libre para viajar | C5: 44 | D5: Guía de Información 2018/2019 | Transporte | E5: Transporte | F5: DSC_0802 Pasaje gratis si.MOV | G5: 49.85 | H5: Transporte | I5: TRUE | J5: 0.883 | K5: 0.269 | L5: 0.557 | M5: OK
A6: vdp9Fh7jj-8 | B6: 6. ¿Cómo pedir la reserva de estacionamiento? ↓ | C6: 45 | D6: Guía de Información 2018/2019 | Transporte | E6: Transporte | F6: DSC_0824 Reserva estac CONFIRMAR SI.MOV | G6: 49.55 | H6: Accesibilidad | I6: TRUE | J6: 0.908 | K6: 0.241 | L6: 0.45 | M6: OK
A7: 52hONjN3AMk | B7: 1. COPIDIS Área Accesibilidad | C7: 56 | D7: Guía de Información 2018/2019 | Accesibilidad | E7: Accesibilidad | F7: DSC_0839 p.65 accesibilidad.MOV | G7: 63.76 | H7: Accesibilidad | I7: TRUE | J7: 0.878 | K7: 0.234 | L7: 0.536 | M7: OK
A8: 2iYRa7hKg2g | B8: 3. Pedir ayuda técnica | C8: 31 | D8: Guia de Información 2018/2019 | Servicios Sociales Zonales | E8: SSZonales | F8: DSC_0858 p. 75 ayuda tecnica.MOV | G8: 45.05 | H8: Accesibilidad | I8: TRUE | J8: 0.688 | K8: 0.231 | L8: 0.368 | M8: OK
A9: DQO5MhSq8ks | B9: 4. Perro guía o de asistencia | C9: 53 | D9: Guía de Información 2018/2019 | Transporte | E9: Transporte | F9: DSC_0812 Perro guia primera parte.MOV | G9: 48.95 | H9: Accesibilidad | I9: TRUE | J9: 0.924 | K9: 0.226 | L9: 0.448 | M9: OK
A10: -IdA4qbAncw | B10: 4. Vender en ferias artesanales | C10: 41 | D10: Guía de Información 2018/2019 | Trabajo | E10: Trabajo | F10: DSC_1034 ferias si.MOV | G10: 44.94 | H10: Trabajo | I10: TRUE | J10: 0.912 | K10: 0.223 | L10: 0.542 | M10: OK
A11: J6xUFDqW4BA | B11: 1. Organizaciones Sociedad Civil - OSC | C11: 50 | D11: Guía de Información 2018/2019 | Participación | E11: Participacion | F11: DSC_1042 osc si.MOV | G11: 56.46 | H11: Participacion | I11: TRUE | J11: 0.886 | K11: 0.214 | L11: 0.528
A12: S2KHEqDAia0 | B12: 2. Materia didáctico Braille ↓ | C12: 46 | D12: Guía de Información 2018/2019 | Educación | E12: Educacion | F12: DSC_0866 p.85 libros escolares accesibles.MOV | G12: 48.15 | H12: Educacion | I12: TRUE | J12: 0.955 | K12: 0.208 | L12: 0.549 | M12: OK
A13: jcWSZirq1ho | B13: 7. Afiliarse a Incluir Salud | C13: 49 | D13: Guía de Información 2018/2019 | Salud | E13: Salud | F13: DSC_0799 Incluir Salud tramite si.MOV | G13: 51.85 | H13: CUD | I13: TRUE | J13: 0.945 | K13: 0.189 | L13: 0.435 | M13: OK
A14: wSd8jKV42Y8 | B14: 1. Apoyos Educación | C14: 40 | D14: Guía de Información 2018/2019 | Educación | E14: Educacion | F14: DSC_0862 p. 85 apoyos copidis educacion.MOV | G14: 50.65 | H14: Educacion | I14: TRUE | J14: 0.79 | K14: 0.179 | L14: 0.475 | M14: OK
A15: kcChz0qrXZs | B15: 5. Símbolo Internacional de Acceso | C15: 66 | D15: Guía de Información 2018/2019 | Transporte | E15: Transporte | F15: DSC_0818 Simbolo si mejor.MOV | G15: 90.99 | H15: Accesibilidad | I15: TRUE | J15: 0.725 | K15: 0.177 | L15: 0.351
A16: 4T68Q7fSeA4 | B16: 3. Registro Pequeños Comercios | C16: 55 | D16: Guía de Información 2018/2019 | Trabajo | E16: Trabajo | F16: DSC_1031pquenos com si.MOV | G16: 67.97 | H16: Trabajo | I16: TRUE | J16: 0.809 | K16: 0.174 | L16: 0.479 | M16: OK
A17: _j3n-b6Fc_A | B17: 1. Registro Único Laboral - RUL | C17: 68 | D17: Guía de Información 2018/2019 | Trabajo | E17: Trabajo | F17: DSC_0884 p.108 rul.MOV | G17: 74.07 | H17: Trabajo | I17: TRUE | J17: 0.918 | K17: 0.165 | L17: 0.512 | M17: OK
A18: ZbjWSR5fl88 | B18: 6. App BA Accesible | C18: 64 | D18: Guía de Información 2018/2019 | Accesibilidad | E18: Accesibilidad | F18: DSC_0848 p.70 BAapp.MOV | G18: 69.67 | H18: Accesibilidad | I18: TRUE | J18: 0.919 | K18: 0.138 | L18: 0.497 | M18: OK
A19: 5J9xY8gOdUY | B19: 4. Apoyos Ministerio de Educación | C19: 37 | D19: Guía de Información 2018/2019 | Educación | E19: Educacion | F19: DSC_0873 p.87 que apoyos te da el Ministerio de Educacion.MOV | G19: 40.14 | H19: Educacion | I19: TRUE | J19: 0.922 | K19: 0.136 | L19: 0.497 | M19: OK
A20: kMOBrkojQbw | B20: 1. Banco de Elementos Ortopédicos - BEO | C20: 29 | D20: Guía de Información 2018/2019 | Vida Independiente | E20: VidaIndependiente | F20: DSC_0882 p,105 beo.MOV | G20: 32.43 | H20: Salud | I20: TRUE | J20: 0.894 | K20: 0.136 | L20: 0.388 | M20: OK
A21: u07hL-EzTpY | B21: 1. Programa Hogares | C21: 52 | D21: Guia de Información 2018/2019 | Servicios Sociales Zonales | E21: SSZonales | F21: DSC_0851 p.73.MOV | G21: 55.66 | H21: Accesibilidad | I21: TRUE | J21: 0.934 | K21: 0.13 | L21: 0.399 | M21: OK
A22: OTmV28NGG5I | B22: 2 - Fortalecimiento ↓ | C22: 25 | D22: Guía de Información 2018/2019 | Participación | E22: Participacion | F22: DSC_1044 fortalecimiento si.MOV | G22: 38.04 | H22: Participacion | I22: TRUE | J22: 0.657 | K22: 0.118 | L22: 0.395
A23: T_vgQJhMWf8 | B23: 2. Apoyos del Gobierno de la Nación | C23: 44 | D23: Guia de Información 2018/2019 | Servicios Sociales Zonales | E23: SSZonales | F23: DSC_0856 p.74.MOV | G23: 51.25 | H23: Accesibilidad | I23: TRUE | J23: 0.859 | K23: 0.108 | L23: 0.36 | M23: OK
A24: Vil9KHTo8p8 | B24: 2. Qué son las prestaciones básicas de salud | C24: 32 | D24: Guía de Información 2018/2019 | Salud | E24: Salud | F24: DSC_0798 Incluir Salud que es si.MOV | G24: 36.34 | H24: Salud | I24: TRUE | J24: 0.881 | K24: 0.101 | L24: 0.464
A25: XxDsNzglSzU | B25: 6. Incluir Salud | C25: 23 | D25: Guía de Información 2018/2019 | Salud | E25: Salud | F25: DSC_0798 Incluir Salud que es si.MOV | G25: 36.34 | H25: Salud | I25: TRUE | J25: 0.881 | K25: 0.101 | L25: 0.464 | M25: OK
A26: oE49uoxSRr8 | B26: 4. Reclamos online | C26: 27 | D26: Guía de Información 2018/2019 | Accesibilidad | E26: Accesibilidad | F26: DSC_0846 p.68 lugr publico.MOV | G26: 31.53 | H26: Accesibilidad | I26: TRUE | J26: 0.856 | K26: 0.083 | L26: 0.445 | M26: OK
A27: JxP7w7g28D4 | B27: 6. Apoyos y ajustes razonables | C27: 39 | D27: Guía de Información 2018/2019 | Certificado Único de Discapacidad - CUD | E27: CUD | F27: DSC_0738 Apoyo3 final.MOV | G27: 42.24 | H27: unknown | I27: FALSE | J27: 0.923 | K27: 0.04 | L27: 0.345 | M27: OK
A28: bw6hm44CRQk | B28: 1. Prestaciones básicas de salud | C28: 15 | D28: Guía de Información 2018/2019 | Salud | E28: Salud | F28: DSC_0702 Titulo Salud Transp Acc.MOV | G28: 12.61 | H28: Salud | I28: FALSE | J28: 0.841 | K28: 0.021 | L28: 0.406
A29: bw6hm44CRQk | B29: 1. Prestaciones básicas de salud | C29: 15 | D29: Guía de Información 2018/2019 | Salud | E29: Salud | F29: DSC_0726 salud2 si.MOV | G29: 20.12 | H29: Salud | I29: FALSE | J29: 0.875 | K29: 0 | L29: 0.406 | M29: OK
A30: AU3OdF0iNv0 | B30: 5. Cobertura Porteña Salud | C30: 34 | D30: Guía de Información 2018/2019 | Salud | E30: Salud | F30: DSC_0789 Serv Salud basico si.MOV | G30: 33.13 | H30: Salud | I30: FALSE | J30: 0.974 | K30: 0.016 | L30: 0.45
A31: Vil9KHTo8p8 | B31: 2. Qué son las prestaciones básicas de salud | C31: 32 | D31: Guía de Información 2018/2019 | Salud | E31: Salud | F31: DSC_0789 Serv Salud basico si.MOV | G31: 33.13 | H31: Salud | I31: FALSE | J31: 0.974 | K31: 0.016 | L31: 0.45 | M31: OK
A32: Wns-CUyyQL0 | B32: 7. Materiales didácticos | C32: 29 | D32: Guía de Información 2018/2019 | Educación | E32: Educacion | F32: DSC_0878 p. 95 escuelas hospitalarias.MOV | G32: 30.63 | H32: Educacion | I32: TRUE | J32: 0.947 | K32: 0.013 | L32: 0.439
A33: QlS5zsPqw3k | B33: 6. Escuela hospitalaria o domiciliaria | C33: 27 | D33: Guía de Información 2018/2019 | Educación | E33: Educacion | F33: DSC_0878 p. 95 escuelas hospitalarias.MOV | G33: 30.63 | H33: Educacion | I33: TRUE | J33: 0.947 | K33: 0.013 | L33: 0.439 | M33: OK
A34: jomsMKgYkyQ | B34: 3. Pedir prestaciones básicas de salud | C34: 37 | D34: Guía de Información 2018/2019 | Salud | E34: Salud | F34: DSC_0797 Plan Salud Ciudad si.MOV | G34: 38.14 | H34: Salud | I34: TRUE | J34: 0.97 | K34: 0.008 | L34: 0.444
A35: jomsMKgYkyQ | B35: 3. Pedir prestaciones básicas de salud | C35: 37 | D35: Guía de Información 2018/2019 | Salud | E35: Salud | F35: DSC_0792 Serv Salud basico si | H35: Salud | M35: OK
A36: AU3OdF0iNv0 | B36: 5. Cobertura Porteña Salud | C36: 34 | D36: Guía de Información 2018/2019 | Salud | E36: Salud | F36: DSC_0797 Plan Salud Ciudad si.MOV | G36: 38.14 | H36: Salud | I36: TRUE | J36: 0.97 | K36: 0.008 | L36: 0.444 | M36: OK
A37: 6lWq6bCXwTY | B37: 8. ¿Que podes hacer si perdiste o te robaron el CUD? | C37: 58 | D37: Guía de Información 2018/2019 | Certificado Único de Discapacidad - CUD | E37: CUD | F37: DSC_0826 Franquicia si.MOV | G37: 41.04 | H37: BeneficiosFiscales | I37: TRUE | J37: 0.708 | K37: 0.005 | L37: 0.25
A38: gSe9tkhgOT0 | B38: 7. Franquicias | C38: 37 | D38: Guía de Información 2018/2019 | Transporte | E38: Transporte | F38: DSC_0826 Franquicia si.MOV | G38: 41.04 | H38: BeneficiosFiscales | I38: TRUE | J38: 0.708 | K38: 0.005 | L38: 0.25 | M38: OK
A39: bg8ySVMa71A | B39: Circuito 8 y 9: Provincia de Buenos Aires/ Mar del Plata | C39: 60 | D39: Guía de Turismo 2018/2019 | E39: Turismo | F39: DSC_0795 Sin rta si.MOV | G39: 60.26 | H39: unknown | I39: TRUE | J39: 0.996 | K39: 0 | L39: 0.349
A40: qxy6Wv4NRB4 | B40: 1. ¿Qué es el certificado Único de Discapacidad? | C40: 23 | D40: Guía de Información 2018/2019 | Certificado Único de Discapacidad - CUD | E40: CUD | F40: DSC_0724 CUD uso5 si.MOV | G40: 23.12 | H40: CUD | I40: FALSE | J40: 0.995 | K40: 0 | L40: 0.448
A41: QlS5zsPqw3k | B41: 6. Escuela hospitalaria o domiciliaria | C41: 27 | D41: Guía de Información 2018/2019 | Educación | E41: Educacion | F41: DSC_1035 programas nacion.MOV | G41: 27.13 | H41: unknown | I41: TRUE | J41: 0.995 | K41: 0 | L41: 0.348
A42: dzQ8_c5glyA | B42: 5. Programas Nación 16 ↓ | C42: 24 | D42: Guía de Información 2018/2019 | Trabajo | E42: Educacion | F42: DSC_1035 programas nacion.MOV | G42: 27.13 | H42: unknown | I42: TRUE | J42: 0.995 | K42: 0 | L42: 0.348 | M42: OK
A43: dzQ8_c5glyA | B43: 5. Programas Nación 16 ↓ | C43: 24 | D43: Guía de Información 2018/2019 | Trabajo | E43: Trabajo | F43: DSC_0719 CUD tram4 si.MOV | G43: 24.12 | H43: CUD | I43: FALSE | J43: 0.995 | K43: 0 | L43: 0.348
A44: bx3o-WISVPk | B44: 4. ¿Para qué sirve el CUD? | C44: 17 | D44: Guía de Información 2018/2019 | Certificado Único de Discapacidad - CUD | E44: CUD | F44: DSC_0719 CUD tram4 si.MOV | G44: 24.12 | H44: CUD | I44: FALSE | J44: 0.995 | K44: 0 | L44: 0.348 | M44: OK
A45: EGxhVpFU1OI | B45: Circuito 7: Provincia de Buenos Aires / Bahía Blanca | C45: 59 | D45: Guía de Turismo 2018/2019 | E45: Turismo | F45: DSC_1026 becas primera parte.MOV | G45: 59.36 | H45: unknown | I45: TRUE | J45: 0.994 | K45: 0 | L45: 0.348
A46: ApXvrj82TgY | B46: 2. Becas de estudio y formación profesional | C46: 56 | D46: Guía de Información 2018/2019 | Trabajo | E46: Turismo | F46: DSC_1026 becas primera parte.MOV | G46: 59.36 | H46: unknown | I46: TRUE | J46: 0.994 | K46: 0 | L46: 0.348 | M46: OK
A47: Gi5dmimT9mg | B47: 3. Peaje libre | C47: 31 | D47: Guía de Información 2018/2019 | Transporte | E47: Transporte | F47: DSC_0771.MOV | G47: 31.23 | H47: unknown | I47: FALSE | J47: 0.993 | K47: 0 | L47: 0.348
A48: 71AmCt5zrr8 | B48: 4. ¿Cómo se tramita la pensión por discapacidad? | C48: 14 | D48: Guía de Información 2018/2019 | Sistema Previsional | E48: Prestaciones | F48: DSC_0701 Titulo Sistema Prev.MOV | G48: 14.11 | H48: unknown | I48: FALSE | J48: 0.992 | K48: 0 | L48: 0.347
A49: KrAliLan0Gs | B49: 1. Sistema previsional | C49: 50 | D49: Guía de Información 2018/2019 | Sistema Previsional | E49: Prestaciones | F49: DSC_0701 Titulo Sistema Prev.MOV | G49: 14.11 | H49: unknown | I49: FALSE | J49: 0.992 | K49: 0 | L49: 0.347 | M49: OK
A50: KrAliLan0Gs | B50: 1. Sistema previsional | C50: 50 | D50: Guía de Información 2018/2019 | Sistema Previsional | E50: Prestaciones | F50: DSC_0760 PNC quien si.MOV | G50: 50.45 | H50: Prestaciones | I50: FALSE | J50: 0.991 | K50: 0 | L50: 0.447
A51: u4R2ZtoexMU | B51: 2. Persona con discapacidad | C51: 35 | D51: Guía de Información 2018/2019 | Certificado Único de Discapacidad - CUD | E51: CUD | F51: DSC_0741 CUD tramite2 si.MOV | G51: 34.63 | H51: CUD | I51: FALSE | J51: 0.989 | K51: 0 | L51: 0.446
A52: u4R2ZtoexMU | B52: 2. Persona con discapacidad | C52: 35 | D52: Guía de Información 2018/2019 | Certificado Único de Discapacidad - CUD | E52: CUD | F52: DSC_0715 PCD5 si | M52: OK
A53: i1YJ2VoH6_k | B53: 5. Certificado Médico Oficial - CMO | C53: 34 | D53: Guía de Información 2018/2019 | Sistema Previsional | E53: Prestaciones | F53: DSC_0785 Retiro si.MOV | G53: 34.53 | H53: Prestaciones | I53: FALSE | J53: 0.985 | K53: 0 | L53: 0.445
A54: hHqyvAOZpwk | B54: 11. Retiro por invalidez | C54: 33 | D54: Guía de Información 2018/2019 | Sistema Previsional | E54: Prestaciones | F54: DSC_0785 Retiro si.MOV | G54: 34.53 | H54: Prestaciones | I54: FALSE | J54: 0.985 | K54: 0 | L54: 0.445 | M54: OK
A55: 7az9Z92XonA | B55: Circuito 6: Provincia de Buenos Aires - La Plata | C55: 66 | D55: Guía de Turismo 2018/2019 | E55: Turismo | F55: DSC_0871 p.86 registro docentes apoyo.MOV | G55: 67.67 | H55: Educacion | I55: TRUE | J55: 0.975 | K55: 0 | L55: 0.341
A56: Psy8y4VfJ2s | B56: 3. Registro Acompañantes No Docentes APND | C56: 57 | D56: Guía de Información 2018/2019 | Educación | E56: Educacion | F56: DSC_0871 p.86 registro docentes apoyo.MOV | G56: 67.67 | H56: Educacion | I56: TRUE | J56: 0.975 | K56: 0 | L56: 0.341 | M56: OK
A57: BbiF_2145Es | B57: 2. Pensión no contributiva por discapacidad - PNC | C57: 22 | D57: Guía de Información 2018/2019 | Sistema Previsional | E57: Prestaciones | F57: DSC_0780 Jubil disc edad si.MOV | G57: 22.62 | H57: Prestaciones | I57: FALSE | J57: 0.973 | K57: 0 | L57: 0.441
A58: DpT8rj_OyXI | B58: 10. Edad jubilación por discapacidad | C58: 21 | D58: Guía de Información 2018/2019 | Sistema Previsional | E58: Prestaciones | F58: DSC_0780 Jubil disc edad si.MOV | G58: 22.62 | H58: Prestaciones | I58: FALSE | J58: 0.973 | K58: 0 | L58: 0.441 | M58: OK
A59: BbiF_2145Es | B59: 2. Pensión no contributiva por discapacidad - PNC | C59: 22 | D59: Guía de Información 2018/2019 | Sistema Previsional | E59: Prestaciones | F59: DSC_0749 PNC2.MOV | G59: 24.12 | H59: Prestaciones | I59: FALSE | J59: 0.965 | K59: 0 | L59: 0.438 | M59: OK
A60: fuHTMk6rTkU | B60: 7. ¿Cómo tramitar tu CUD? | C60: 90 | D60: Guía de Información 2018/2019 | Certificado Único de Discapacidad - CUD | E60: CUD | F60: DSC_0740 CUD tramite1si.MOV | G60: 93.09 | H60: CUD | I60: FALSE | J60: 0.967 | K60: 0 | L60: 0.438 | M60: OK
A61: V0hm94uW_to | B61: 9. Jubilación por discapacidad | C61: 25 | D61: Guía de Información 2018/2019 | Sistema Previsional | E61: Prestaciones | F61: DSC_0775 Jubil disc si.MOV | G61: 26.03 | H61: Prestaciones | I61: FALSE | J61: 0.93 | K61: 0 | L61: 0.425 | M61: OK
A62: Mu_txXs9ihg | B62: 4. Reclamar prestaciones básicas de salud | C62: 63 | D62: Guía de Información 2018/2019 | Salud | E62: Salud | F62: DSC_0746 CUD pierde si.MOV | G62: 60.76 | H62: CUD | I62: FALSE | J62: 0.964 | K62: 0 | L62: 0.337
A63: 6lWq6bCXwTY | B63: 8. ¿Que podes hacer si perdiste o te robaron el CUD? | C63: 58 | D63: Guía de Información 2018/2019 | Certificado Único de Discapacidad - CUD | E63: CUD | F63: DSC_0746 CUD pierde si.MOV | G63: 60.76 | H63: CUD | I63: FALSE | J63: 0.964 | K63: 0 | L63: 0.337 | M63: OK
A64: WnBynb92GWE | B64: 3. ¿Dónde pedís tu CUD? | C64: 49 | D64: Guía de Información 2018/2019 | Certificado Único de Discapacidad - CUD | E64: CUD | F64: DSC_0747 Sist Prev si.MOV | G64: 51.45 | H64: Prestaciones | I64: FALSE | J64: 0.952 | K64: 0 | L64: 0.333
A65: hHqyvAOZpwk | B65: 11. Retiro por invalidez | C65: 33 | D65: Guía de Información 2018/2019 | Sistema Previsional | E65: Prestaciones | F65: DSC_0771 AHHD si.MOV | G65: 31.23 | H65: Prestaciones | I65: FALSE | J65: 0.946 | K65: 0 | L65: 0.431
A66: rX2VatRZzBE | B66: 7. ¿Cuándo podes cobrar la asignación por hijo con discapacidad? | C66: 28 | D66: Guía de Información 2018/2019 | Sistema Previsional | E66: Prestaciones | F66: DSC_0771 AHHD si.MOV | G66: 31.23 | H66: Prestaciones | I66: FALSE | J66: 0.946 | K66: 0 | L66: 0.431 | M66: OK
A67: ApXvrj82TgY | B67: 2. Becas de estudio y formación profesional | C67: 56 | D67: Guía de Información 2018/2019 | Trabajo | E67: Trabajo | F67: DSC_0718 CUD tram3 no c.MOV | G67: 52.75 | H67: CUD | I67: FALSE | J67: 0.942 | K67: 0 | L67: 0.33
A68: WnBynb92GWE | B68: 3. ¿Dónde pedís tu CUD? | C68: 49 | D68: Guía de Información 2018/2019 | Certificado Único de Discapacidad - CUD | E68: CUD | F68: DSC_0718 CUD tram3 no c.MOV | G68: 52.75 | H68: CUD | I68: FALSE | J68: 0.942 | K68: 0 | L68: 0.33 | M68: OK
A69: rX2VatRZzBE | B69: 7. ¿Cuándo podes cobrar la asignación por hijo con discapacidad? | C69: 28 | D69: Guía de Información 2018/2019 | Sistema Previsional | E69: Prestaciones | F69: DSC_0775 Jubil disc si.MOV | G69: 26.03 | H69: Prestaciones | I69: FALSE | J69: 0.93 | K69: 0 | L69: 0.425
A70: vP2AvPqVYa8 | B70: 2. ¿Qué es una exención fiscal? | C70: 21 | D70: Guía de Información 2018/2019 | Beneficios Fiscales | E70: BeneficiosFiscales | F70: DSC_0735 BF3 si.MOV | G70: 22.92 | H70: BeneficiosFiscales | I70: FALSE | J70: 0.916 | K70: 0 | L70: 0.421
A71: MkSTIErbEbk | B71: 3. ¿Cuándo podes cobrar la pensión por discapacidad? | C71: 39 | D71: Guía de Información 2018/2019 | Sistema Previsional | E71: Prestaciones | F71: DSC_0765 CMO si.MOV | G71: 35.34 | H71: Prestaciones | I71: FALSE | J71: 0.906 | K71: 0 | L71: 0.417
A72: i1YJ2VoH6_k | B72: 5. Certificado Médico Oficial - CMO | C72: 34 | D72: Guía de Información 2018/2019 | Sistema Previsional | E72: Prestaciones | F72: DSC_0765 CMO si.MOV | G72: 35.34 | H72: Prestaciones | I72: FALSE | J72: 0.906 | K72: 0 | L72: 0.417 | M72: OK
A73: gSe9tkhgOT0 | B73: 7. Franquicias | C73: 37 | D73: Guía de Información 2018/2019 | Transporte | E73: Transporte | F73: DSC_0809 Peaje libre si.MOV | G73: 33.53 | H73: Transporte | I73: TRUE | J73: 0.906 | K73: 0 | L73: 0.417
A74: Gi5dmimT9mg | B74: 3. Peaje libre | C74: 31 | D74: Guía de Información 2018/2019 | Transporte | E74: Transporte | F74: DSC_0809 Peaje libre si.MOV | G74: 33.53 | H74: Transporte | I74: TRUE | J74: 0.906 | K74: 0 | L74: 0.417 | M74: OK
A75: 3gyP_SIz3T0 | B75: 1. Beneficios transporte | C75: 39 | D75: Guía de Información 2018/2019 | Transporte | E75: Transporte | F75: DSC_0730 transp4 ver.MOV | G75: 43.24 | H75: Transporte | I75: FALSE | J75: 0.902 | K75: 0 | L75: 0.416 | M75: OK
A76: ihpijvrFcbY | B76: 5. Centros educativos de atención y prevención de primera infancia - CEPAPI ↓ | C76: 37 | D76: Guía de Información 2018/2019 | Educación | E76: Educacion | F76: DSC_0875 p.92 cepapi _ rehacer.MOV | G76: 41.34 | H76: Educacion | I76: FALSE | J76: 0.895 | K76: 0 | L76: 0.413 | M76: OK
A77: DpT8rj_OyXI | B77: 10. Edad jubilación por discapacidad | C77: 21 | D77: Guía de Información 2018/2019 | Sistema Previsional | E77: Prestaciones | F77: DSC_0761 PNC dnd si.MOV | G77: 23.72 | H77: Prestaciones | I77: FALSE | J77: 0.885 | K77: 0 | L77: 0.41
A78: DpT8rj_OyXI | B78: 4. ¿Cómo se tramita la pensión por discapacidad? | C78: 14 | D78: Guía de Información 2018/2019 | Sistema Previsional | E78: Prestaciones | F78: DSC_0761 PNC dnd si.MOV | G78: 23.72 | H78: Prestaciones | I78: FALSE | J78: 0.885 | K78: 0 | L78: 0.41 | M78: OK
A79: XxDsNzglSzU | B79: 6. Incluir Salud | C79: 23 | D79: Guía de Información 2018/2019 | Salud | E79: Salud | F79: DSC_0726 salud2 si.MOV | G79: 20.12 | H79: Salud | I79: FALSE | J79: 0.875 | K79: 0 | L79: 0.406
A80: 0Vxf04VftJE | B80: 1. Beneficios fiscales | C80: 5 | D80: Guía de Información 2018/2019 | Beneficios Fiscales | E80: BeneficiosFiscales | F80: DSC_0705 Titulo Educacion.MOV | G80: 5.91 | H80: Educacion | I80: FALSE | J80: 0.846 | K80: 0 | L80: 0.296
A81: O_9wfdgHaW4 | B81: 8. Asignación por hijo con discapacidad | C81: 38 | D81: Guía de Información 2018/2019 | Sistema Previsional | E81: Prestaciones | F81: DSC_0773 Pension fliar si.MOV | G81: 45.15 | H81: Prestaciones | I81: FALSE | J81: 0.842 | K81: 0 | L81: 0.395
A82: Psy8y4VfJ2s | B82: 3. Registro Acompañantes No Docentes APND | C82: 57 | D82: Guía de Información 2018/2019 | Educación | E82: Educacion | F82: DSC_0881 p.96 material en braille.MOV | G82: 47.55 | H82: Educacion | I82: TRUE | J82: 0.834 | K82: 0 | L82: 0.392
A83: Wns-CUyyQL0 | B83: 7. Materiales didácticos | C83: 29 | D83: Guía de Información 2018/2019 | Educación | E83: Educacion | F83: DSC_0881 p.96 material en braille.MOV | G83: 47.55 | H83: Educacion | I83: TRUE | J83: 0.834 | K83: 0 | L83: 0.392 | M83: OK
A84: bx3o-WISVPk | B84: 4. ¿Para qué sirve el CUD? | C84: 17 | D84: Guía de Información 2018/2019 | Certificado Único de Discapacidad - CUD | E84: CUD | F84: DSC_0700 Titulo CUD.MOV | G84: 20.72 | H84: CUD | I84: FALSE | J84: 0.82 | K84: 0 | L84: 0.387
A85: 75jVq4wKLEo | B85: 5. ¿Para qué son los ajustes razonables? | C85: 24 | D85: Guía de Información 2018/2019 | Certificado Único de Discapacidad - CUD | E85: CUD | F85: DSC_0710 CUD3 si (ver).MOV | G85: 29.43 | H85: CUD | I85: FALSE | J85: 0.815 | K85: 0 | L85: 0.385
A86: qxy6Wv4NRB4 | B86: 1. ¿Qué es el certificado Único de Discapacidad? | C86: 23 | D86: Guía de Información 2018/2019 | Certificado Único de Discapacidad - CUD | E86: CUD | F86: DSC_0710 CUD3 si (ver).MOV | G86: 29.43 | H86: CUD | I86: FALSE | J86: 0.815 | K86: 0 | L86: 0.385 | M86: OK
A87: ook_O5pd3D0 | B87: Circuito 1: San Nicolás / Casco Histórico | C87: 222 | D87: Guía de Turismo 2018/2019 | E87: Turismo | I87: FALSE | J87: 0 | K87: 0 | L87: 0
A88: VlfX8oURh-s | B88: Circuito 2: San Telmo / La Boca | C88: 276 | D88: Guía de Turismo 2018/2019 | E88: Turismo | I88: FALSE | J88: 0 | K88: 0 | L88: 0
A89: q4S4J59Dvr8 | B89: Circuito 3: Recoleta / Retiro | C89: 190 | D89: Guía de Turismo 2018/2019 | E89: Turismo | I89: FALSE | J89: 0 | K89: 0 | L89: 0
A90: nbHsyDeo3Eo | B90: Circuito 4: Puerto Madero / Balvanera | C90: 270 | D90: Guía de Turismo 2018/2019 | E90: Turismo | I90: FALSE | J90: 0 | K90: 0 | L90: 0
A91: QG7ND5YNfVQ | B91: Circuito 5: Palermo / Belgrano | C91: 196 | D91: Guía de Turismo 2018/2019 | E91: Turismo | I91: FALSE | J91: 0 | K91: 0 | L91: 0
A92: DQO5MhSq8ks | B92: 4. Perro guía o de asistencia | C92: 53 | D92: | Guía de Información 2018/2019 | Transporte | E92: Transporte | F92: DSC_0812 Perro guia primera parte.MOV | G92: 48.95 | H92: Accesibilidad | I92: TRUE | J92: 0.924 | K92: 0.226 | L92: 0.448 | M92: OK

Sheet CURADOS
A1: =IFERROR(__xludf.DUMMYFUNCTION("{ MATCHES!A1:M1; SORT( FILTER(MATCHES!A2:M1000, MATCHES!M2:M1000=""OK""), 4, TRUE, 2, TRUE ) }"),"yt_id") | B1: =IFERROR(__xludf.DUMMYFUNCTION("""COMPUTED_VALUE"""),"yt_title") | C1: =IFERROR(__xludf.DUMMYFUNCTION("""COMPUTED_VALUE"""),"yt_dur_s") | D1: =IFERROR(__xludf.DUMMYFUNCTION("""COMPUTED_VALUE"""),"playlist") | E1: =IFERROR(__xludf.DUMMYFUNCTION("""COMPUTED_VALUE"""),"yt_topic") | F1: =IFERROR(__xludf.DUMMYFUNCTION("""COMPUTED_VALUE"""),"local_file") | G1: =IFERROR(__xludf.DUMMYFUNCTION("""COMPUTED_VALUE"""),"local_dur_s") | H1: =IFERROR(__xludf.DUMMYFUNCTION("""COMPUTED_VALUE"""),"local_topic") | I1: =IFERROR(__xludf.DUMMYFUNCTION("""COMPUTED_VALUE"""),"has_sub") | J1: =IFERROR(__xludf.DUMMYFUNCTION("""COMPUTED_VALUE"""),"dur_score") | K1: =IFERROR(__xludf.DUMMYFUNCTION("""COMPUTED_VALUE"""),"tfidf_score") | L1: =IFERROR(__xludf.DUMMYFUNCTION("""COMPUTED_VALUE"""),"score") | M1: =IFERROR(__xludf.DUMMYFUNCTION("""COMPUTED_VALUE"""),"match")
A2: =IFERROR(__xludf.DUMMYFUNCTION("""COMPUTED_VALUE"""),"DQO5MhSq8ks") | B2: =IFERROR(__xludf.DUMMYFUNCTION("""COMPUTED_VALUE""")," 4. Perro guía o de asistencia") | C2: =IFERROR(__xludf.DUMMYFUNCTION("""COMPUTED_VALUE"""),53.0) | D2: =IFERROR(__xludf.DUMMYFUNCTION("""COMPUTED_VALUE""")," | Guía de Información 2018/2019 | Transporte") | E2: =IFERROR(__xludf.DUMMYFUNCTION("""COMPUTED_VALUE"""),"Transporte") | F2: =IFERROR(__xludf.DUMMYFUNCTION("""COMPUTED_VALUE"""),"DSC_0812 Perro guia primera parte.MOV") | G2: =IFERROR(__xludf.DUMMYFUNCTION("""COMPUTED_VALUE"""),48.95) | H2: =IFERROR(__xludf.DUMMYFUNCTION("""COMPUTED_VALUE"""),"Accesibilidad") | I2: =IFERROR(__xludf.DUMMYFUNCTION("""COMPUTED_VALUE"""),TRUE) | J2: =IFERROR(__xludf.DUMMYFUNCTION("""COMPUTED_VALUE"""),0.924) | K2: =IFERROR(__xludf.DUMMYFUNCTION("""COMPUTED_VALUE"""),0.226) | L2: =IFERROR(__xludf.DUMMYFUNCTION("""COMPUTED_VALUE"""),0.448) | M2: =IFERROR(__xludf.DUMMYFUNCTION("""COMPUTED_VALUE"""),"OK")
A3: =IFERROR(__xludf.DUMMYFUNCTION("""COMPUTED_VALUE"""),"52hONjN3AMk") | B3: =IFERROR(__xludf.DUMMYFUNCTION("""COMPUTED_VALUE"""),"1. COPIDIS Área Accesibilidad") | C3: =IFERROR(__xludf.DUMMYFUNCTION("""COMPUTED_VALUE"""),56.0) | D3: =IFERROR(__xludf.DUMMYFUNCTION("""COMPUTED_VALUE"""),"Guía de Información 2018/2019 | Accesibilidad") | E3: =IFERROR(__xludf.DUMMYFUNCTION("""COMPUTED_VALUE"""),"Accesibilidad") | F3: =IFERROR(__xludf.DUMMYFUNCTION("""COMPUTED_VALUE"""),"DSC_0839 p.65 accesibilidad.MOV") | G3: =IFERROR(__xludf.DUMMYFUNCTION("""COMPUTED_VALUE"""),63.76) | H3: =IFERROR(__xludf.DUMMYFUNCTION("""COMPUTED_VALUE"""),"Accesibilidad") | I3: =IFERROR(__xludf.DUMMYFUNCTION("""COMPUTED_VALUE"""),TRUE) | J3: =IFERROR(__xludf.DUMMYFUNCTION("""COMPUTED_VALUE"""),0.878) | K3: =IFERROR(__xludf.DUMMYFUNCTION("""COMPUTED_VALUE"""),0.234) | L3: =IFERROR(__xludf.DUMMYFUNCTION("""COMPUTED_VALUE"""),0.536) | M3: =IFERROR(__xludf.DUMMYFUNCTION("""COMPUTED_VALUE"""),"OK")
A4: =IFERROR(__xludf.DUMMYFUNCTION("""COMPUTED_VALUE"""),"hQPyeZn-CEo") | B4: =IFERROR(__xludf.DUMMYFUNCTION("""COMPUTED_VALUE"""),"2. ¿Cómo presentar un reclamo?") | C4: =IFERROR(__xludf.DUMMYFUNCTION("""COMPUTED_VALUE"""),33.0) | D4: =IFERROR(__xludf.DUMMYFUNCTION("""COMPUTED_VALUE"""),"Guía de Información 2018/2019 | Accesibilidad") | E4: =IFERROR(__xludf.DUMMYFUNCTION("""COMPUTED_VALUE"""),"Accesibilidad") | F4: =IFERROR(__xludf.DUMMYFUNCTION("""COMPUTED_VALUE"""),"DSC_0841 p.66.MOV") | G4: =IFERROR(__xludf.DUMMYFUNCTION("""COMPUTED_VALUE"""),45.45) | H4: =IFERROR(__xludf.DUMMYFUNCTION("""COMPUTED_VALUE"""),"Accesibilidad") | I4: =IFERROR(__xludf.DUMMYFUNCTION("""COMPUTED_VALUE"""),TRUE) | J4: =IFERROR(__xludf.DUMMYFUNCTION("""COMPUTED_VALUE"""),0.726) | K4: =IFERROR(__xludf.DUMMYFUNCTION("""COMPUTED_VALUE"""),0.367) | L4: =IFERROR(__xludf.DUMMYFUNCTION("""COMPUTED_VALUE"""),0.556) | M4: =IFERROR(__xludf.DUMMYFUNCTION("""COMPUTED_VALUE"""),"OK")
A5: =IFERROR(__xludf.DUMMYFUNCTION("""COMPUTED_VALUE"""),"V-YJmvUkKog") | B5: =IFERROR(__xludf.DUMMYFUNCTION("""COMPUTED_VALUE"""),"3. Ley No. 962 de accesibilidad edilicia") | C5: =IFERROR(__xludf.DUMMYFUNCTION("""COMPUTED_VALUE"""),47.0) | D5: =IFERROR(__xludf.DUMMYFUNCTION("""COMPUTED_VALUE"""),"Guía de Información 2018/2019 | Accesibilidad") | E5: =IFERROR(__xludf.DUMMYFUNCTION("""COMPUTED_VALUE"""),"Accesibilidad") | F5: =IFERROR(__xludf.DUMMYFUNCTION("""COMPUTED_VALUE"""),"DSC_0845 p.68 edificio accesible.MOV") | G5: =IFERROR(__xludf.DUMMYFUNCTION("""COMPUTED_VALUE"""),52.55) | H5: =IFERROR(__xludf.DUMMYFUNCTION("""COMPUTED_VALUE"""),"Accesibilidad") | I5: =IFERROR(__xludf.DUMMYFUNCTION("""COMPUTED_VALUE"""),TRUE) | J5: =IFERROR(__xludf.DUMMYFUNCTION("""COMPUTED_VALUE"""),0.894) | K5: =IFERROR(__xludf.DUMMYFUNCTION("""COMPUTED_VALUE"""),0.304) | L5: =IFERROR(__xludf.DUMMYFUNCTION("""COMPUTED_VALUE"""),0.58) | M5: =IFERROR(__xludf.DUMMYFUNCTION("""COMPUTED_VALUE"""),"OK")
A6: =IFERROR(__xludf.DUMMYFUNCTION("""COMPUTED_VALUE"""),"oE49uoxSRr8") | B6: =IFERROR(__xludf.DUMMYFUNCTION("""COMPUTED_VALUE"""),"4. Reclamos online") | C6: =IFERROR(__xludf.DUMMYFUNCTION("""COMPUTED_VALUE"""),27.0) | D6: =IFERROR(__xludf.DUMMYFUNCTION("""COMPUTED_VALUE"""),"Guía de Información 2018/2019 | Accesibilidad") | E6: =IFERROR(__xludf.DUMMYFUNCTION("""COMPUTED_VALUE"""),"Accesibilidad") | F6: =IFERROR(__xludf.DUMMYFUNCTION("""COMPUTED_VALUE"""),"DSC_0846 p.68 lugr publico.MOV") | G6: =IFERROR(__xludf.DUMMYFUNCTION("""COMPUTED_VALUE"""),31.53) | H6: =IFERROR(__xludf.DUMMYFUNCTION("""COMPUTED_VALUE"""),"Accesibilidad") | I6: =IFERROR(__xludf.DUMMYFUNCTION("""COMPUTED_VALUE"""),TRUE) | J6: =IFERROR(__xludf.DUMMYFUNCTION("""COMPUTED_VALUE"""),0.856) | K6: =IFERROR(__xludf.DUMMYFUNCTION("""COMPUTED_VALUE"""),0.083) | L6: =IFERROR(__xludf.DUMMYFUNCTION("""COMPUTED_VALUE"""),0.445) | M6: =IFERROR(__xludf.DUMMYFUNCTION("""COMPUTED_VALUE"""),"OK")
A7: =IFERROR(__xludf.DUMMYFUNCTION("""COMPUTED_VALUE"""),"Aza2d0yi5bs") | B7: =IFERROR(__xludf.DUMMYFUNCTION("""COMPUTED_VALUE"""),"5. Guía de Turismo Accesible") | C7: =IFERROR(__xludf.DUMMYFUNCTION("""COMPUTED_VALUE"""),52.0) | D7: =IFERROR(__xludf.DUMMYFUNCTION("""COMPUTED_VALUE"""),"Guía de Información 2018/2019 | Accesibilidad") | E7: =IFERROR(__xludf.DUMMYFUNCTION("""COMPUTED_VALUE"""),"Accesibilidad") | F7: =IFERROR(__xludf.DUMMYFUNCTION("""COMPUTED_VALUE"""),"DSC_0847 p.69.MOV") | G7: =IFERROR(__xludf.DUMMYFUNCTION("""COMPUTED_VALUE"""),54.15) | H7: =IFERROR(__xludf.DUMMYFUNCTION("""COMPUTED_VALUE"""),"Accesibilidad") | I7: =IFERROR(__xludf.DUMMYFUNCTION("""COMPUTED_VALUE"""),TRUE) | J7: =IFERROR(__xludf.DUMMYFUNCTION("""COMPUTED_VALUE"""),0.96) | K7: =IFERROR(__xludf.DUMMYFUNCTION("""COMPUTED_VALUE"""),0.286) | L7: =IFERROR(__xludf.DUMMYFUNCTION("""COMPUTED_VALUE"""),0.593) | M7: =IFERROR(__xludf.DUMMYFUNCTION("""COMPUTED_VALUE"""),"OK")
A8: =IFERROR(__xludf.DUMMYFUNCTION("""COMPUTED_VALUE"""),"ZbjWSR5fl88") | B8: =IFERROR(__xludf.DUMMYFUNCTION("""COMPUTED_VALUE"""),"6. App BA Accesible") | C8: =IFERROR(__xludf.DUMMYFUNCTION("""COMPUTED_VALUE"""),64.0) | D8: =IFERROR(__xludf.DUMMYFUNCTION("""COMPUTED_VALUE"""),"Guía de Información 2018/2019 | Accesibilidad") | E8: =IFERROR(__xludf.DUMMYFUNCTION("""COMPUTED_VALUE"""),"Accesibilidad") | F8: =IFERROR(__xludf.DUMMYFUNCTION("""COMPUTED_VALUE"""),"DSC_0848 p.70 BAapp.MOV") | G8: =IFERROR(__xludf.DUMMYFUNCTION("""COMPUTED_VALUE"""),69.67) | H8: =IFERROR(__xludf.DUMMYFUNCTION("""COMPUTED_VALUE"""),"Accesibilidad") | I8: =IFERROR(__xludf.DUMMYFUNCTION("""COMPUTED_VALUE"""),TRUE) | J8: =IFERROR(__xludf.DUMMYFUNCTION("""COMPUTED_VALUE"""),0.919) | K8: =IFERROR(__xludf.DUMMYFUNCTION("""COMPUTED_VALUE"""),0.138) | L8: =IFERROR(__xludf.DUMMYFUNCTION("""COMPUTED_VALUE"""),0.497) | M8: =IFERROR(__xludf.DUMMYFUNCTION("""COMPUTED_VALUE"""),"OK")
A9: =IFERROR(__xludf.DUMMYFUNCTION("""COMPUTED_VALUE"""),"qxy6Wv4NRB4") | B9: =IFERROR(__xludf.DUMMYFUNCTION("""COMPUTED_VALUE"""),"1. ¿Qué es el certificado Único de Discapacidad?") | C9: =IFERROR(__xludf.DUMMYFUNCTION("""COMPUTED_VALUE"""),23.0) | D9: =IFERROR(__xludf.DUMMYFUNCTION("""COMPUTED_VALUE"""),"Guía de Información 2018/2019 | Certificado Único de Discapacidad - CUD") | E9: =IFERROR(__xludf.DUMMYFUNCTION("""COMPUTED_VALUE"""),"CUD") | F9: =IFERROR(__xludf.DUMMYFUNCTION("""COMPUTED_VALUE"""),"DSC_0710 CUD3 si (ver).MOV") | G9: =IFERROR(__xludf.DUMMYFUNCTION("""COMPUTED_VALUE"""),29.43) | H9: =IFERROR(__xludf.DUMMYFUNCTION("""COMPUTED_VALUE"""),"CUD") | I9: =IFERROR(__xludf.DUMMYFUNCTION("""COMPUTED_VALUE"""),FALSE) | J9: =IFERROR(__xludf.DUMMYFUNCTION("""COMPUTED_VALUE"""),0.815) | K9: =IFERROR(__xludf.DUMMYFUNCTION("""COMPUTED_VALUE"""),0.0) | L9: =IFERROR(__xludf.DUMMYFUNCTION("""COMPUTED_VALUE"""),0.385) | M9: =IFERROR(__xludf.DUMMYFUNCTION("""COMPUTED_VALUE"""),"OK")
A10: =IFERROR(__xludf.DUMMYFUNCTION("""COMPUTED_VALUE"""),"u4R2ZtoexMU") | B10: =IFERROR(__xludf.DUMMYFUNCTION("""COMPUTED_VALUE"""),"2. Persona con discapacidad") | C10: =IFERROR(__xludf.DUMMYFUNCTION("""COMPUTED_VALUE"""),35.0) | D10: =IFERROR(__xludf.DUMMYFUNCTION("""COMPUTED_VALUE"""),"Guía de Información 2018/2019 | Certificado Único de Discapacidad - CUD") | E10: =IFERROR(__xludf.DUMMYFUNCTION("""COMPUTED_VALUE"""),"CUD") | F10: =IFERROR(__xludf.DUMMYFUNCTION("""COMPUTED_VALUE"""),"DSC_0715 PCD5 si") | M10: =IFERROR(__xludf.DUMMYFUNCTION("""COMPUTED_VALUE"""),"OK")
A11: =IFERROR(__xludf.DUMMYFUNCTION("""COMPUTED_VALUE"""),"WnBynb92GWE") | B11: =IFERROR(__xludf.DUMMYFUNCTION("""COMPUTED_VALUE"""),"3. ¿Dónde pedís tu CUD?") | C11: =IFERROR(__xludf.DUMMYFUNCTION("""COMPUTED_VALUE"""),49.0) | D11: =IFERROR(__xludf.DUMMYFUNCTION("""COMPUTED_VALUE"""),"Guía de Información 2018/2019 | Certificado Único de Discapacidad - CUD") | E11: =IFERROR(__xludf.DUMMYFUNCTION("""COMPUTED_VALUE"""),"CUD") | F11: =IFERROR(__xludf.DUMMYFUNCTION("""COMPUTED_VALUE"""),"DSC_0718 CUD tram3 no c.MOV") | G11: =IFERROR(__xludf.DUMMYFUNCTION("""COMPUTED_VALUE"""),52.75) | H11: =IFERROR(__xludf.DUMMYFUNCTION("""COMPUTED_VALUE"""),"CUD") | I11: =IFERROR(__xludf.DUMMYFUNCTION("""COMPUTED_VALUE"""),FALSE) | J11: =IFERROR(__xludf.DUMMYFUNCTION("""COMPUTED_VALUE"""),0.942) | K11: =IFERROR(__xludf.DUMMYFUNCTION("""COMPUTED_VALUE"""),0.0) | L11: =IFERROR(__xludf.DUMMYFUNCTION("""COMPUTED_VALUE"""),0.33) | M11: =IFERROR(__xludf.DUMMYFUNCTION("""COMPUTED_VALUE"""),"OK")
A12: =IFERROR(__xludf.DUMMYFUNCTION("""COMPUTED_VALUE"""),"bx3o-WISVPk") | B12: =IFERROR(__xludf.DUMMYFUNCTION("""COMPUTED_VALUE"""),"4. ¿Para qué sirve el CUD?") | C12: =IFERROR(__xludf.DUMMYFUNCTION("""COMPUTED_VALUE"""),17.0) | D12: =IFERROR(__xludf.DUMMYFUNCTION("""COMPUTED_VALUE"""),"Guía de Información 2018/2019 | Certificado Único de Discapacidad - CUD") | E12: =IFERROR(__xludf.DUMMYFUNCTION("""COMPUTED_VALUE"""),"CUD") | F12: =IFERROR(__xludf.DUMMYFUNCTION("""COMPUTED_VALUE"""),"DSC_0719 CUD tram4 si.MOV") | G12: =IFERROR(__xludf.DUMMYFUNCTION("""COMPUTED_VALUE"""),24.12) | H12: =IFERROR(__xludf.DUMMYFUNCTION("""COMPUTED_VALUE"""),"CUD") | I12: =IFERROR(__xludf.DUMMYFUNCTION("""COMPUTED_VALUE"""),FALSE) | J12: =IFERROR(__xludf.DUMMYFUNCTION("""COMPUTED_VALUE"""),0.995) | K12: =IFERROR(__xludf.DUMMYFUNCTION("""COMPUTED_VALUE"""),0.0) | L12: =IFERROR(__xludf.DUMMYFUNCTION("""COMPUTED_VALUE"""),0.348) | M12: =IFERROR(__xludf.DUMMYFUNCTION("""COMPUTED_VALUE"""),"OK")
A13: =IFERROR(__xludf.DUMMYFUNCTION("""COMPUTED_VALUE"""),"JxP7w7g28D4") | B13: =IFERROR(__xludf.DUMMYFUNCTION("""COMPUTED_VALUE"""),"6. Apoyos y ajustes razonables") | C13: =IFERROR(__xludf.DUMMYFUNCTION("""COMPUTED_VALUE"""),39.0) | D13: =IFERROR(__xludf.DUMMYFUNCTION("""COMPUTED_VALUE"""),"Guía de Información 2018/2019 | Certificado Único de Discapacidad - CUD") | E13: =IFERROR(__xludf.DUMMYFUNCTION("""COMPUTED_VALUE"""),"CUD") | F13: =IFERROR(__xludf.DUMMYFUNCTION("""COMPUTED_VALUE"""),"DSC_0738 Apoyo3 final.MOV") | G13: =IFERROR(__xludf.DUMMYFUNCTION("""COMPUTED_VALUE"""),42.24) | H13: =IFERROR(__xludf.DUMMYFUNCTION("""COMPUTED_VALUE"""),"unknown") | I13: =IFERROR(__xludf.DUMMYFUNCTION("""COMPUTED_VALUE"""),FALSE) | J13: =IFERROR(__xludf.DUMMYFUNCTION("""COMPUTED_VALUE"""),0.923) | K13: =IFERROR(__xludf.DUMMYFUNCTION("""COMPUTED_VALUE"""),0.04) | L13: =IFERROR(__xludf.DUMMYFUNCTION("""COMPUTED_VALUE"""),0.345) | M13: =IFERROR(__xludf.DUMMYFUNCTION("""COMPUTED_VALUE"""),"OK")
A14: =IFERROR(__xludf.DUMMYFUNCTION("""COMPUTED_VALUE"""),"fuHTMk6rTkU") | B14: =IFERROR(__xludf.DUMMYFUNCTION("""COMPUTED_VALUE"""),"7. ¿Cómo tramitar tu CUD?") | C14: =IFERROR(__xludf.DUMMYFUNCTION("""COMPUTED_VALUE"""),90.0) | D14: =IFERROR(__xludf.DUMMYFUNCTION("""COMPUTED_VALUE"""),"Guía de Información 2018/2019 | Certificado Único de Discapacidad - CUD") | E14: =IFERROR(__xludf.DUMMYFUNCTION("""COMPUTED_VALUE"""),"CUD") | F14: =IFERROR(__xludf.DUMMYFUNCTION("""COMPUTED_VALUE"""),"DSC_0740 CUD tramite1si.MOV") | G14: =IFERROR(__xludf.DUMMYFUNCTION("""COMPUTED_VALUE"""),93.09) | H14: =IFERROR(__xludf.DUMMYFUNCTION("""COMPUTED_VALUE"""),"CUD") | I14: =IFERROR(__xludf.DUMMYFUNCTION("""COMPUTED_VALUE"""),FALSE) | J14: =IFERROR(__xludf.DUMMYFUNCTION("""COMPUTED_VALUE"""),0.967) | K14: =IFERROR(__xludf.DUMMYFUNCTION("""COMPUTED_VALUE"""),0.0) | L14: =IFERROR(__xludf.DUMMYFUNCTION("""COMPUTED_VALUE"""),0.438) | M14: =IFERROR(__xludf.DUMMYFUNCTION("""COMPUTED_VALUE"""),"OK")
A15: =IFERROR(__xludf.DUMMYFUNCTION("""COMPUTED_VALUE"""),"6lWq6bCXwTY") | B15: =IFERROR(__xludf.DUMMYFUNCTION("""COMPUTED_VALUE"""),"8. ¿Que podes hacer si perdiste o te robaron el CUD?") | C15: =IFERROR(__xludf.DUMMYFUNCTION("""COMPUTED_VALUE"""),58.0) | D15: =IFERROR(__xludf.DUMMYFUNCTION("""COMPUTED_VALUE"""),"Guía de Información 2018/2019 | Certificado Único de Discapacidad - CUD") | E15: =IFERROR(__xludf.DUMMYFUNCTION("""COMPUTED_VALUE"""),"CUD") | F15: =IFERROR(__xludf.DUMMYFUNCTION("""COMPUTED_VALUE"""),"DSC_0746 CUD pierde si.MOV") | G15: =IFERROR(__xludf.DUMMYFUNCTION("""COMPUTED_VALUE"""),60.76) | H15: =IFERROR(__xludf.DUMMYFUNCTION("""COMPUTED_VALUE"""),"CUD") | I15: =IFERROR(__xludf.DUMMYFUNCTION("""COMPUTED_VALUE"""),FALSE) | J15: =IFERROR(__xludf.DUMMYFUNCTION("""COMPUTED_VALUE"""),0.964) | K15: =IFERROR(__xludf.DUMMYFUNCTION("""COMPUTED_VALUE"""),0.0) | L15: =IFERROR(__xludf.DUMMYFUNCTION("""COMPUTED_VALUE"""),0.337) | M15: =IFERROR(__xludf.DUMMYFUNCTION("""COMPUTED_VALUE"""),"OK")
A16: =IFERROR(__xludf.DUMMYFUNCTION("""COMPUTED_VALUE"""),"wSd8jKV42Y8") | B16: =IFERROR(__xludf.DUMMYFUNCTION("""COMPUTED_VALUE"""),"1. Apoyos Educación") | C16: =IFERROR(__xludf.DUMMYFUNCTION("""COMPUTED_VALUE"""),40.0) | D16: =IFERROR(__xludf.DUMMYFUNCTION("""COMPUTED_VALUE"""),"Guía de Información 2018/2019 | Educación") | E16: =IFERROR(__xludf.DUMMYFUNCTION("""COMPUTED_VALUE"""),"Educacion") | F16: =IFERROR(__xludf.DUMMYFUNCTION("""COMPUTED_VALUE"""),"DSC_0862 p. 85 apoyos copidis educacion.MOV") | G16: =IFERROR(__xludf.DUMMYFUNCTION("""COMPUTED_VALUE"""),50.65) | H16: =IFERROR(__xludf.DUMMYFUNCTION("""COMPUTED_VALUE"""),"Educacion") | I16: =IFERROR(__xludf.DUMMYFUNCTION("""COMPUTED_VALUE"""),TRUE) | J16: =IFERROR(__xludf.DUMMYFUNCTION("""COMPUTED_VALUE"""),0.79) | K16: =IFERROR(__xludf.DUMMYFUNCTION("""COMPUTED_VALUE"""),0.179) | L16: =IFERROR(__xludf.DUMMYFUNCTION("""COMPUTED_VALUE"""),0.475) | M16: =IFERROR(__xludf.DUMMYFUNCTION("""COMPUTED_VALUE"""),"OK")
A17: =IFERROR(__xludf.DUMMYFUNCTION("""COMPUTED_VALUE"""),"S2KHEqDAia0") | B17: =IFERROR(__xludf.DUMMYFUNCTION("""COMPUTED_VALUE"""),"2. Materia didáctico Braille ↓") | C17: =IFERROR(__xludf.DUMMYFUNCTION("""COMPUTED_VALUE"""),46.0) | D17: =IFERROR(__xludf.DUMMYFUNCTION("""COMPUTED_VALUE"""),"Guía de Información 2018/2019 | Educación") | E17: =IFERROR(__xludf.DUMMYFUNCTION("""COMPUTED_VALUE"""),"Educacion") | F17: =IFERROR(__xludf.DUMMYFUNCTION("""COMPUTED_VALUE"""),"DSC_0866 p.85 libros escolares accesibles.MOV") | G17: =IFERROR(__xludf.DUMMYFUNCTION("""COMPUTED_VALUE"""),48.15) | H17: =IFERROR(__xludf.DUMMYFUNCTION("""COMPUTED_VALUE"""),"Educacion") | I17: =IFERROR(__xludf.DUMMYFUNCTION("""COMPUTED_VALUE"""),TRUE) | J17: =IFERROR(__xludf.DUMMYFUNCTION("""COMPUTED_VALUE"""),0.955) | K17: =IFERROR(__xludf.DUMMYFUNCTION("""COMPUTED_VALUE"""),0.208) | L17: =IFERROR(__xludf.DUMMYFUNCTION("""COMPUTED_VALUE"""),0.549) | M17: =IFERROR(__xludf.DUMMYFUNCTION("""COMPUTED_VALUE"""),"OK")
A18: =IFERROR(__xludf.DUMMYFUNCTION("""COMPUTED_VALUE"""),"Psy8y4VfJ2s") | B18: =IFERROR(__xludf.DUMMYFUNCTION("""COMPUTED_VALUE"""),"3. Registro Acompañantes No Docentes APND") | C18: =IFERROR(__xludf.DUMMYFUNCTION("""COMPUTED_VALUE"""),57.0) | D18: =IFERROR(__xludf.DUMMYFUNCTION("""COMPUTED_VALUE"""),"Guía de Información 2018/2019 | Educación") | E18: =IFERROR(__xludf.DUMMYFUNCTION("""COMPUTED_VALUE"""),"Educacion") | F18: =IFERROR(__xludf.DUMMYFUNCTION("""COMPUTED_VALUE"""),"DSC_0871 p.86 registro docentes apoyo.MOV") | G18: =IFERROR(__xludf.DUMMYFUNCTION("""COMPUTED_VALUE"""),67.67) | H18: =IFERROR(__xludf.DUMMYFUNCTION("""COMPUTED_VALUE"""),"Educacion") | I18: =IFERROR(__xludf.DUMMYFUNCTION("""COMPUTED_VALUE"""),TRUE) | J18: =IFERROR(__xludf.DUMMYFUNCTION("""COMPUTED_VALUE"""),0.975) | K18: =IFERROR(__xludf.DUMMYFUNCTION("""COMPUTED_VALUE"""),0.0) | L18: =IFERROR(__xludf.DUMMYFUNCTION("""COMPUTED_VALUE"""),0.341) | M18: =IFERROR(__xludf.DUMMYFUNCTION("""COMPUTED_VALUE"""),"OK")
A19: =IFERROR(__xludf.DUMMYFUNCTION("""COMPUTED_VALUE"""),"5J9xY8gOdUY") | B19: =IFERROR(__xludf.DUMMYFUNCTION("""COMPUTED_VALUE"""),"4. Apoyos Ministerio de Educación") | C19: =IFERROR(__xludf.DUMMYFUNCTION("""COMPUTED_VALUE"""),37.0) | D19: =IFERROR(__xludf.DUMMYFUNCTION("""COMPUTED_VALUE"""),"Guía de Información 2018/2019 | Educación") | E19: =IFERROR(__xludf.DUMMYFUNCTION("""COMPUTED_VALUE"""),"Educacion") | F19: =IFERROR(__xludf.DUMMYFUNCTION("""COMPUTED_VALUE"""),"DSC_0873 p.87 que apoyos te da el Ministerio de Educacion.MOV") | G19: =IFERROR(__xludf.DUMMYFUNCTION("""COMPUTED_VALUE"""),40.14) | H19: =IFERROR(__xludf.DUMMYFUNCTION("""COMPUTED_VALUE"""),"Educacion") | I19: =IFERROR(__xludf.DUMMYFUNCTION("""COMPUTED_VALUE"""),TRUE) | J19: =IFERROR(__xludf.DUMMYFUNCTION("""COMPUTED_VALUE"""),0.922) | K19: =IFERROR(__xludf.DUMMYFUNCTION("""COMPUTED_VALUE"""),0.136) | L19: =IFERROR(__xludf.DUMMYFUNCTION("""COMPUTED_VALUE"""),0.497) | M19: =IFERROR(__xludf.DUMMYFUNCTION("""COMPUTED_VALUE"""),"OK")
A20: =IFERROR(__xludf.DUMMYFUNCTION("""COMPUTED_VALUE"""),"ihpijvrFcbY") | B20: =IFERROR(__xludf.DUMMYFUNCTION("""COMPUTED_VALUE"""),"5. Centros educativos de atención y prevención de primera infancia - CEPAPI ↓") | C20: =IFERROR(__xludf.DUMMYFUNCTION("""COMPUTED_VALUE"""),37.0) | D20: =IFERROR(__xludf.DUMMYFUNCTION("""COMPUTED_VALUE"""),"Guía de Información 2018/2019 | Educación") | E20: =IFERROR(__xludf.DUMMYFUNCTION("""COMPUTED_VALUE"""),"Educacion") | F20: =IFERROR(__xludf.DUMMYFUNCTION("""COMPUTED_VALUE"""),"DSC_0875 p.92 cepapi _ rehacer.MOV") | G20: =IFERROR(__xludf.DUMMYFUNCTION("""COMPUTED_VALUE"""),41.34) | H20: =IFERROR(__xludf.DUMMYFUNCTION("""COMPUTED_VALUE"""),"Educacion") | I20: =IFERROR(__xludf.DUMMYFUNCTION("""COMPUTED_VALUE"""),FALSE) | J20: =IFERROR(__xludf.DUMMYFUNCTION("""COMPUTED_VALUE"""),0.895) | K20: =IFERROR(__xludf.DUMMYFUNCTION("""COMPUTED_VALUE"""),0.0) | L20: =IFERROR(__xludf.DUMMYFUNCTION("""COMPUTED_VALUE"""),0.413) | M20: =IFERROR(__xludf.DUMMYFUNCTION("""COMPUTED_VALUE"""),"OK")
A21: =IFERROR(__xludf.DUMMYFUNCTION("""COMPUTED_VALUE"""),"QlS5zsPqw3k") | B21: =IFERROR(__xludf.DUMMYFUNCTION("""COMPUTED_VALUE"""),"6. Escuela hospitalaria o domiciliaria") | C21: =IFERROR(__xludf.DUMMYFUNCTION("""COMPUTED_VALUE"""),27.0) | D21: =IFERROR(__xludf.DUMMYFUNCTION("""COMPUTED_VALUE"""),"Guía de Información 2018/2019 | Educación") | E21: =IFERROR(__xludf.DUMMYFUNCTION("""COMPUTED_VALUE"""),"Educacion") | F21: =IFERROR(__xludf.DUMMYFUNCTION("""COMPUTED_VALUE"""),"DSC_0878 p. 95 escuelas hospitalarias.MOV") | G21: =IFERROR(__xludf.DUMMYFUNCTION("""COMPUTED_VALUE"""),30.63) | H21: =IFERROR(__xludf.DUMMYFUNCTION("""COMPUTED_VALUE"""),"Educacion") | I21: =IFERROR(__xludf.DUMMYFUNCTION("""COMPUTED_VALUE"""),TRUE) | J21: =IFERROR(__xludf.DUMMYFUNCTION("""COMPUTED_VALUE"""),0.947) | K21: =IFERROR(__xludf.DUMMYFUNCTION("""COMPUTED_VALUE"""),0.013) | L21: =IFERROR(__xludf.DUMMYFUNCTION("""COMPUTED_VALUE"""),0.439) | M21: =IFERROR(__xludf.DUMMYFUNCTION("""COMPUTED_VALUE"""),"OK")
A22: =IFERROR(__xludf.DUMMYFUNCTION("""COMPUTED_VALUE"""),"Wns-CUyyQL0") | B22: =IFERROR(__xludf.DUMMYFUNCTION("""COMPUTED_VALUE"""),"7. Materiales didácticos") | C22: =IFERROR(__xludf.DUMMYFUNCTION("""COMPUTED_VALUE"""),29.0) | D22: =IFERROR(__xludf.DUMMYFUNCTION("""COMPUTED_VALUE"""),"Guía de Información 2018/2019 | Educación") | E22: =IFERROR(__xludf.DUMMYFUNCTION("""COMPUTED_VALUE"""),"Educacion") | F22: =IFERROR(__xludf.DUMMYFUNCTION("""COMPUTED_VALUE"""),"DSC_0881 p.96 material en braille.MOV") | G22: =IFERROR(__xludf.DUMMYFUNCTION("""COMPUTED_VALUE"""),47.55) | H22: =IFERROR(__xludf.DUMMYFUNCTION("""COMPUTED_VALUE"""),"Educacion") | I22: =IFERROR(__xludf.DUMMYFUNCTION("""COMPUTED_VALUE"""),TRUE) | J22: =IFERROR(__xludf.DUMMYFUNCTION("""COMPUTED_VALUE"""),0.834) | K22: =IFERROR(__xludf.DUMMYFUNCTION("""COMPUTED_VALUE"""),0.0) | L22: =IFERROR(__xludf.DUMMYFUNCTION("""COMPUTED_VALUE"""),0.392) | M22: =IFERROR(__xludf.DUMMYFUNCTION("""COMPUTED_VALUE"""),"OK")
A23: =IFERROR(__xludf.DUMMYFUNCTION("""COMPUTED_VALUE"""),"bw6hm44CRQk") | B23: =IFERROR(__xludf.DUMMYFUNCTION("""COMPUTED_VALUE"""),"1. Prestaciones básicas de salud") | C23: =IFERROR(__xludf.DUMMYFUNCTION("""COMPUTED_VALUE"""),15.0) | D23: =IFERROR(__xludf.DUMMYFUNCTION("""COMPUTED_VALUE"""),"Guía de Información 2018/2019 | Salud") | E23: =IFERROR(__xludf.DUMMYFUNCTION("""COMPUTED_VALUE"""),"Salud") | F23: =IFERROR(__xludf.DUMMYFUNCTION("""COMPUTED_VALUE"""),"DSC_0726 salud2 si.MOV") | G23: =IFERROR(__xludf.DUMMYFUNCTION("""COMPUTED_VALUE"""),20.12) | H23: =IFERROR(__xludf.DUMMYFUNCTION("""COMPUTED_VALUE"""),"Salud") | I23: =IFERROR(__xludf.DUMMYFUNCTION("""COMPUTED_VALUE"""),FALSE) | J23: =IFERROR(__xludf.DUMMYFUNCTION("""COMPUTED_VALUE"""),0.875) | K23: =IFERROR(__xludf.DUMMYFUNCTION("""COMPUTED_VALUE"""),0.0) | L23: =IFERROR(__xludf.DUMMYFUNCTION("""COMPUTED_VALUE"""),0.406) | M23: =IFERROR(__xludf.DUMMYFUNCTION("""COMPUTED_VALUE"""),"OK")
A24: =IFERROR(__xludf.DUMMYFUNCTION("""COMPUTED_VALUE"""),"Vil9KHTo8p8") | B24: =IFERROR(__xludf.DUMMYFUNCTION("""COMPUTED_VALUE"""),"2. Qué son las prestaciones básicas de salud") | C24: =IFERROR(__xludf.DUMMYFUNCTION("""COMPUTED_VALUE"""),32.0) | D24: =IFERROR(__xludf.DUMMYFUNCTION("""COMPUTED_VALUE"""),"Guía de Información 2018/2019 | Salud") | E24: =IFERROR(__xludf.DUMMYFUNCTION("""COMPUTED_VALUE"""),"Salud") | F24: =IFERROR(__xludf.DUMMYFUNCTION("""COMPUTED_VALUE"""),"DSC_0789 Serv Salud basico si.MOV") | G24: =IFERROR(__xludf.DUMMYFUNCTION("""COMPUTED_VALUE"""),33.13) | H24: =IFERROR(__xludf.DUMMYFUNCTION("""COMPUTED_VALUE"""),"Salud") | I24: =IFERROR(__xludf.DUMMYFUNCTION("""COMPUTED_VALUE"""),FALSE) | J24: =IFERROR(__xludf.DUMMYFUNCTION("""COMPUTED_VALUE"""),0.974) | K24: =IFERROR(__xludf.DUMMYFUNCTION("""COMPUTED_VALUE"""),0.016) | L24: =IFERROR(__xludf.DUMMYFUNCTION("""COMPUTED_VALUE"""),0.45) | M24: =IFERROR(__xludf.DUMMYFUNCTION("""COMPUTED_VALUE"""),"OK")
A25: =IFERROR(__xludf.DUMMYFUNCTION("""COMPUTED_VALUE"""),"jomsMKgYkyQ") | B25: =IFERROR(__xludf.DUMMYFUNCTION("""COMPUTED_VALUE"""),"3. Pedir prestaciones básicas de salud") | C25: =IFERROR(__xludf.DUMMYFUNCTION("""COMPUTED_VALUE"""),37.0) | D25: =IFERROR(__xludf.DUMMYFUNCTION("""COMPUTED_VALUE"""),"Guía de Información 2018/2019 | Salud") | E25: =IFERROR(__xludf.DUMMYFUNCTION("""COMPUTED_VALUE"""),"Salud") | F25: =IFERROR(__xludf.DUMMYFUNCTION("""COMPUTED_VALUE"""),"DSC_0792 Serv Salud basico si") | H25: =IFERROR(__xludf.DUMMYFUNCTION("""COMPUTED_VALUE"""),"Salud") | M25: =IFERROR(__xludf.DUMMYFUNCTION("""COMPUTED_VALUE"""),"OK")
A26: =IFERROR(__xludf.DUMMYFUNCTION("""COMPUTED_VALUE"""),"AU3OdF0iNv0") | B26: =IFERROR(__xludf.DUMMYFUNCTION("""COMPUTED_VALUE"""),"5. Cobertura Porteña Salud") | C26: =IFERROR(__xludf.DUMMYFUNCTION("""COMPUTED_VALUE"""),34.0) | D26: =IFERROR(__xludf.DUMMYFUNCTION("""COMPUTED_VALUE"""),"Guía de Información 2018/2019 | Salud") | E26: =IFERROR(__xludf.DUMMYFUNCTION("""COMPUTED_VALUE"""),"Salud") | F26: =IFERROR(__xludf.DUMMYFUNCTION("""COMPUTED_VALUE"""),"DSC_0797 Plan Salud Ciudad si.MOV") | G26: =IFERROR(__xludf.DUMMYFUNCTION("""COMPUTED_VALUE"""),38.14) | H26: =IFERROR(__xludf.DUMMYFUNCTION("""COMPUTED_VALUE"""),"Salud") | I26: =IFERROR(__xludf.DUMMYFUNCTION("""COMPUTED_VALUE"""),TRUE) | J26: =IFERROR(__xludf.DUMMYFUNCTION("""COMPUTED_VALUE"""),0.97) | K26: =IFERROR(__xludf.DUMMYFUNCTION("""COMPUTED_VALUE"""),0.008) | L26: =IFERROR(__xludf.DUMMYFUNCTION("""COMPUTED_VALUE"""),0.444) | M26: =IFERROR(__xludf.DUMMYFUNCTION("""COMPUTED_VALUE"""),"OK")
A27: =IFERROR(__xludf.DUMMYFUNCTION("""COMPUTED_VALUE"""),"XxDsNzglSzU") | B27: =IFERROR(__xludf.DUMMYFUNCTION("""COMPUTED_VALUE"""),"6. Incluir Salud") | C27: =IFERROR(__xludf.DUMMYFUNCTION("""COMPUTED_VALUE"""),23.0) | D27: =IFERROR(__xludf.DUMMYFUNCTION("""COMPUTED_VALUE"""),"Guía de Información 2018/2019 | Salud") | E27: =IFERROR(__xludf.DUMMYFUNCTION("""COMPUTED_VALUE"""),"Salud") | F27: =IFERROR(__xludf.DUMMYFUNCTION("""COMPUTED_VALUE"""),"DSC_0798 Incluir Salud que es si.MOV") | G27: =IFERROR(__xludf.DUMMYFUNCTION("""COMPUTED_VALUE"""),36.34) | H27: =IFERROR(__xludf.DUMMYFUNCTION("""COMPUTED_VALUE"""),"Salud") | I27: =IFERROR(__xludf.DUMMYFUNCTION("""COMPUTED_VALUE"""),TRUE) | J27: =IFERROR(__xludf.DUMMYFUNCTION("""COMPUTED_VALUE"""),0.881) | K27: =IFERROR(__xludf.DUMMYFUNCTION("""COMPUTED_VALUE"""),0.101) | L27: =IFERROR(__xludf.DUMMYFUNCTION("""COMPUTED_VALUE"""),0.464) | M27: =IFERROR(__xludf.DUMMYFUNCTION("""COMPUTED_VALUE"""),"OK")
A28: =IFERROR(__xludf.DUMMYFUNCTION("""COMPUTED_VALUE"""),"jcWSZirq1ho") | B28: =IFERROR(__xludf.DUMMYFUNCTION("""COMPUTED_VALUE"""),"7. Afiliarse a Incluir Salud") | C28: =IFERROR(__xludf.DUMMYFUNCTION("""COMPUTED_VALUE"""),49.0) | D28: =IFERROR(__xludf.DUMMYFUNCTION("""COMPUTED_VALUE"""),"Guía de Información 2018/2019 | Salud") | E28: =IFERROR(__xludf.DUMMYFUNCTION("""COMPUTED_VALUE"""),"Salud") | F28: =IFERROR(__xludf.DUMMYFUNCTION("""COMPUTED_VALUE"""),"DSC_0799 Incluir Salud tramite si.MOV") | G28: =IFERROR(__xludf.DUMMYFUNCTION("""COMPUTED_VALUE"""),51.85) | H28: =IFERROR(__xludf.DUMMYFUNCTION("""COMPUTED_VALUE"""),"CUD") | I28: =IFERROR(__xludf.DUMMYFUNCTION("""COMPUTED_VALUE"""),TRUE) | J28: =IFERROR(__xludf.DUMMYFUNCTION("""COMPUTED_VALUE"""),0.945) | K28: =IFERROR(__xludf.DUMMYFUNCTION("""COMPUTED_VALUE"""),0.189) | L28: =IFERROR(__xludf.DUMMYFUNCTION("""COMPUTED_VALUE"""),0.435) | M28: =IFERROR(__xludf.DUMMYFUNCTION("""COMPUTED_VALUE"""),"OK")
A29: =IFERROR(__xludf.DUMMYFUNCTION("""COMPUTED_VALUE"""),"u07hL-EzTpY") | B29: =IFERROR(__xludf.DUMMYFUNCTION("""COMPUTED_VALUE"""),"1. Programa Hogares") | C29: =IFERROR(__xludf.DUMMYFUNCTION("""COMPUTED_VALUE"""),52.0) | D29: =IFERROR(__xludf.DUMMYFUNCTION("""COMPUTED_VALUE"""),"Guia de Información 2018/2019 | Servicios Sociales Zonales") | E29: =IFERROR(__xludf.DUMMYFUNCTION("""COMPUTED_VALUE"""),"SSZonales") | F29: =IFERROR(__xludf.DUMMYFUNCTION("""COMPUTED_VALUE"""),"DSC_0851 p.73.MOV") | G29: =IFERROR(__xludf.DUMMYFUNCTION("""COMPUTED_VALUE"""),55.66) | H29: =IFERROR(__xludf.DUMMYFUNCTION("""COMPUTED_VALUE"""),"Accesibilidad") | I29: =IFERROR(__xludf.DUMMYFUNCTION("""COMPUTED_VALUE"""),TRUE) | J29: =IFERROR(__xludf.DUMMYFUNCTION("""COMPUTED_VALUE"""),0.934) | K29: =IFERROR(__xludf.DUMMYFUNCTION("""COMPUTED_VALUE"""),0.13) | L29: =IFERROR(__xludf.DUMMYFUNCTION("""COMPUTED_VALUE"""),0.399) | M29: =IFERROR(__xludf.DUMMYFUNCTION("""COMPUTED_VALUE"""),"OK")
A30: =IFERROR(__xludf.DUMMYFUNCTION("""COMPUTED_VALUE"""),"T_vgQJhMWf8") | B30: =IFERROR(__xludf.DUMMYFUNCTION("""COMPUTED_VALUE"""),"2. Apoyos del Gobierno de la Nación") | C30: =IFERROR(__xludf.DUMMYFUNCTION("""COMPUTED_VALUE"""),44.0) | D30: =IFERROR(__xludf.DUMMYFUNCTION("""COMPUTED_VALUE"""),"Guia de Información 2018/2019 | Servicios Sociales Zonales") | E30: =IFERROR(__xludf.DUMMYFUNCTION("""COMPUTED_VALUE"""),"SSZonales") | F30: =IFERROR(__xludf.DUMMYFUNCTION("""COMPUTED_VALUE"""),"DSC_0856 p.74.MOV") | G30: =IFERROR(__xludf.DUMMYFUNCTION("""COMPUTED_VALUE"""),51.25) | H30: =IFERROR(__xludf.DUMMYFUNCTION("""COMPUTED_VALUE"""),"Accesibilidad") | I30: =IFERROR(__xludf.DUMMYFUNCTION("""COMPUTED_VALUE"""),TRUE) | J30: =IFERROR(__xludf.DUMMYFUNCTION("""COMPUTED_VALUE"""),0.859) | K30: =IFERROR(__xludf.DUMMYFUNCTION("""COMPUTED_VALUE"""),0.108) | L30: =IFERROR(__xludf.DUMMYFUNCTION("""COMPUTED_VALUE"""),0.36) | M30: =IFERROR(__xludf.DUMMYFUNCTION("""COMPUTED_VALUE"""),"OK")
A31: =IFERROR(__xludf.DUMMYFUNCTION("""COMPUTED_VALUE"""),"2iYRa7hKg2g") | B31: =IFERROR(__xludf.DUMMYFUNCTION("""COMPUTED_VALUE"""),"3. Pedir ayuda técnica") | C31: =IFERROR(__xludf.DUMMYFUNCTION("""COMPUTED_VALUE"""),31.0) | D31: =IFERROR(__xludf.DUMMYFUNCTION("""COMPUTED_VALUE"""),"Guia de Información 2018/2019 | Servicios Sociales Zonales") | E31: =IFERROR(__xludf.DUMMYFUNCTION("""COMPUTED_VALUE"""),"SSZonales") | F31: =IFERROR(__xludf.DUMMYFUNCTION("""COMPUTED_VALUE"""),"DSC_0858 p. 75 ayuda tecnica.MOV") | G31: =IFERROR(__xludf.DUMMYFUNCTION("""COMPUTED_VALUE"""),45.05) | H31: =IFERROR(__xludf.DUMMYFUNCTION("""COMPUTED_VALUE"""),"Accesibilidad") | I31: =IFERROR(__xludf.DUMMYFUNCTION("""COMPUTED_VALUE"""),TRUE) | J31: =IFERROR(__xludf.DUMMYFUNCTION("""COMPUTED_VALUE"""),0.688) | K31: =IFERROR(__xludf.DUMMYFUNCTION("""COMPUTED_VALUE"""),0.231) | L31: =IFERROR(__xludf.DUMMYFUNCTION("""COMPUTED_VALUE"""),0.368) | M31: =IFERROR(__xludf.DUMMYFUNCTION("""COMPUTED_VALUE"""),"OK")
A32: =IFERROR(__xludf.DUMMYFUNCTION("""COMPUTED_VALUE"""),"KrAliLan0Gs") | B32: =IFERROR(__xludf.DUMMYFUNCTION("""COMPUTED_VALUE"""),"1. Sistema previsional") | C32: =IFERROR(__xludf.DUMMYFUNCTION("""COMPUTED_VALUE"""),50.0) | D32: =IFERROR(__xludf.DUMMYFUNCTION("""COMPUTED_VALUE"""),"Guía de Información 2018/2019 | Sistema Previsional") | E32: =IFERROR(__xludf.DUMMYFUNCTION("""COMPUTED_VALUE"""),"Prestaciones") | F32: =IFERROR(__xludf.DUMMYFUNCTION("""COMPUTED_VALUE"""),"DSC_0701 Titulo Sistema Prev.MOV") | G32: =IFERROR(__xludf.DUMMYFUNCTION("""COMPUTED_VALUE"""),14.11) | H32: =IFERROR(__xludf.DUMMYFUNCTION("""COMPUTED_VALUE"""),"unknown") | I32: =IFERROR(__xludf.DUMMYFUNCTION("""COMPUTED_VALUE"""),FALSE) | J32: =IFERROR(__xludf.DUMMYFUNCTION("""COMPUTED_VALUE"""),0.992) | K32: =IFERROR(__xludf.DUMMYFUNCTION("""COMPUTED_VALUE"""),0.0) | L32: =IFERROR(__xludf.DUMMYFUNCTION("""COMPUTED_VALUE"""),0.347) | M32: =IFERROR(__xludf.DUMMYFUNCTION("""COMPUTED_VALUE"""),"OK")
A33: =IFERROR(__xludf.DUMMYFUNCTION("""COMPUTED_VALUE"""),"DpT8rj_OyXI") | B33: =IFERROR(__xludf.DUMMYFUNCTION("""COMPUTED_VALUE"""),"10. Edad jubilación por discapacidad") | C33: =IFERROR(__xludf.DUMMYFUNCTION("""COMPUTED_VALUE"""),21.0) | D33: =IFERROR(__xludf.DUMMYFUNCTION("""COMPUTED_VALUE"""),"Guía de Información 2018/2019 | Sistema Previsional") | E33: =IFERROR(__xludf.DUMMYFUNCTION("""COMPUTED_VALUE"""),"Prestaciones") | F33: =IFERROR(__xludf.DUMMYFUNCTION("""COMPUTED_VALUE"""),"DSC_0780 Jubil disc edad si.MOV") | G33: =IFERROR(__xludf.DUMMYFUNCTION("""COMPUTED_VALUE"""),22.62) | H33: =IFERROR(__xludf.DUMMYFUNCTION("""COMPUTED_VALUE"""),"Prestaciones") | I33: =IFERROR(__xludf.DUMMYFUNCTION("""COMPUTED_VALUE"""),FALSE) | J33: =IFERROR(__xludf.DUMMYFUNCTION("""COMPUTED_VALUE"""),0.973) | K33: =IFERROR(__xludf.DUMMYFUNCTION("""COMPUTED_VALUE"""),0.0) | L33: =IFERROR(__xludf.DUMMYFUNCTION("""COMPUTED_VALUE"""),0.441) | M33: =IFERROR(__xludf.DUMMYFUNCTION("""COMPUTED_VALUE"""),"OK")
A34: =IFERROR(__xludf.DUMMYFUNCTION("""COMPUTED_VALUE"""),"hHqyvAOZpwk") | B34: =IFERROR(__xludf.DUMMYFUNCTION("""COMPUTED_VALUE"""),"11. Retiro por invalidez") | C34: =IFERROR(__xludf.DUMMYFUNCTION("""COMPUTED_VALUE"""),33.0) | D34: =IFERROR(__xludf.DUMMYFUNCTION("""COMPUTED_VALUE"""),"Guía de Información 2018/2019 | Sistema Previsional") | E34: =IFERROR(__xludf.DUMMYFUNCTION("""COMPUTED_VALUE"""),"Prestaciones") | F34: =IFERROR(__xludf.DUMMYFUNCTION("""COMPUTED_VALUE"""),"DSC_0785 Retiro si.MOV") | G34: =IFERROR(__xludf.DUMMYFUNCTION("""COMPUTED_VALUE"""),34.53) | H34: =IFERROR(__xludf.DUMMYFUNCTION("""COMPUTED_VALUE"""),"Prestaciones") | I34: =IFERROR(__xludf.DUMMYFUNCTION("""COMPUTED_VALUE"""),FALSE) | J34: =IFERROR(__xludf.DUMMYFUNCTION("""COMPUTED_VALUE"""),0.985) | K34: =IFERROR(__xludf.DUMMYFUNCTION("""COMPUTED_VALUE"""),0.0) | L34: =IFERROR(__xludf.DUMMYFUNCTION("""COMPUTED_VALUE"""),0.445) | M34: =IFERROR(__xludf.DUMMYFUNCTION("""COMPUTED_VALUE"""),"OK")
A35: =IFERROR(__xludf.DUMMYFUNCTION("""COMPUTED_VALUE"""),"BbiF_2145Es") | B35: =IFERROR(__xludf.DUMMYFUNCTION("""COMPUTED_VALUE"""),"2. Pensión no contributiva por discapacidad - PNC") | C35: =IFERROR(__xludf.DUMMYFUNCTION("""COMPUTED_VALUE"""),22.0) | D35: =IFERROR(__xludf.DUMMYFUNCTION("""COMPUTED_VALUE"""),"Guía de Información 2018/2019 | Sistema Previsional") | E35: =IFERROR(__xludf.DUMMYFUNCTION("""COMPUTED_VALUE"""),"Prestaciones") | F35: =IFERROR(__xludf.DUMMYFUNCTION("""COMPUTED_VALUE"""),"DSC_0749 PNC2.MOV") | G35: =IFERROR(__xludf.DUMMYFUNCTION("""COMPUTED_VALUE"""),24.12) | H35: =IFERROR(__xludf.DUMMYFUNCTION("""COMPUTED_VALUE"""),"Prestaciones") | I35: =IFERROR(__xludf.DUMMYFUNCTION("""COMPUTED_VALUE"""),FALSE) | J35: =IFERROR(__xludf.DUMMYFUNCTION("""COMPUTED_VALUE"""),0.965) | K35: =IFERROR(__xludf.DUMMYFUNCTION("""COMPUTED_VALUE"""),0.0) | L35: =IFERROR(__xludf.DUMMYFUNCTION("""COMPUTED_VALUE"""),0.438) | M35: =IFERROR(__xludf.DUMMYFUNCTION("""COMPUTED_VALUE"""),"OK")
A36: =IFERROR(__xludf.DUMMYFUNCTION("""COMPUTED_VALUE"""),"DpT8rj_OyXI") | B36: =IFERROR(__xludf.DUMMYFUNCTION("""COMPUTED_VALUE"""),"4. ¿Cómo se tramita la pensión por discapacidad?") | C36: =IFERROR(__xludf.DUMMYFUNCTION("""COMPUTED_VALUE"""),14.0) | D36: =IFERROR(__xludf.DUMMYFUNCTION("""COMPUTED_VALUE"""),"Guía de Información 2018/2019 | Sistema Previsional") | E36: =IFERROR(__xludf.DUMMYFUNCTION("""COMPUTED_VALUE"""),"Prestaciones") | F36: =IFERROR(__xludf.DUMMYFUNCTION("""COMPUTED_VALUE"""),"DSC_0761 PNC dnd si.MOV") | G36: =IFERROR(__xludf.DUMMYFUNCTION("""COMPUTED_VALUE"""),23.72) | H36: =IFERROR(__xludf.DUMMYFUNCTION("""COMPUTED_VALUE"""),"Prestaciones") | I36: =IFERROR(__xludf.DUMMYFUNCTION("""COMPUTED_VALUE"""),FALSE) | J36: =IFERROR(__xludf.DUMMYFUNCTION("""COMPUTED_VALUE"""),0.885) | K36: =IFERROR(__xludf.DUMMYFUNCTION("""COMPUTED_VALUE"""),0.0) | L36: =IFERROR(__xludf.DUMMYFUNCTION("""COMPUTED_VALUE"""),0.41) | M36: =IFERROR(__xludf.DUMMYFUNCTION("""COMPUTED_VALUE"""),"OK")
A37: =IFERROR(__xludf.DUMMYFUNCTION("""COMPUTED_VALUE"""),"i1YJ2VoH6_k") | B37: =IFERROR(__xludf.DUMMYFUNCTION("""COMPUTED_VALUE"""),"5. Certificado Médico Oficial - CMO") | C37: =IFERROR(__xludf.DUMMYFUNCTION("""COMPUTED_VALUE"""),34.0) | D37: =IFERROR(__xludf.DUMMYFUNCTION("""COMPUTED_VALUE"""),"Guía de Información 2018/2019 | Sistema Previsional") | E37: =IFERROR(__xludf.DUMMYFUNCTION("""COMPUTED_VALUE"""),"Prestaciones") | F37: =IFERROR(__xludf.DUMMYFUNCTION("""COMPUTED_VALUE"""),"DSC_0765 CMO si.MOV") | G37: =IFERROR(__xludf.DUMMYFUNCTION("""COMPUTED_VALUE"""),35.34) | H37: =IFERROR(__xludf.DUMMYFUNCTION("""COMPUTED_VALUE"""),"Prestaciones") | I37: =IFERROR(__xludf.DUMMYFUNCTION("""COMPUTED_VALUE"""),FALSE) | J37: =IFERROR(__xludf.DUMMYFUNCTION("""COMPUTED_VALUE"""),0.906) | K37: =IFERROR(__xludf.DUMMYFUNCTION("""COMPUTED_VALUE"""),0.0) | L37: =IFERROR(__xludf.DUMMYFUNCTION("""COMPUTED_VALUE"""),0.417) | M37: =IFERROR(__xludf.DUMMYFUNCTION("""COMPUTED_VALUE"""),"OK")
A38: =IFERROR(__xludf.DUMMYFUNCTION("""COMPUTED_VALUE"""),"rX2VatRZzBE") | B38: =IFERROR(__xludf.DUMMYFUNCTION("""COMPUTED_VALUE"""),"7. ¿Cuándo podes cobrar la asignación por hijo con discapacidad?") | C38: =IFERROR(__xludf.DUMMYFUNCTION("""COMPUTED_VALUE"""),28.0) | D38: =IFERROR(__xludf.DUMMYFUNCTION("""COMPUTED_VALUE"""),"Guía de Información 2018/2019 | Sistema Previsional") | E38: =IFERROR(__xludf.DUMMYFUNCTION("""COMPUTED_VALUE"""),"Prestaciones") | F38: =IFERROR(__xludf.DUMMYFUNCTION("""COMPUTED_VALUE"""),"DSC_0771 AHHD si.MOV") | G38: =IFERROR(__xludf.DUMMYFUNCTION("""COMPUTED_VALUE"""),31.23) | H38: =IFERROR(__xludf.DUMMYFUNCTION("""COMPUTED_VALUE"""),"Prestaciones") | I38: =IFERROR(__xludf.DUMMYFUNCTION("""COMPUTED_VALUE"""),FALSE) | J38: =IFERROR(__xludf.DUMMYFUNCTION("""COMPUTED_VALUE"""),0.946) | K38: =IFERROR(__xludf.DUMMYFUNCTION("""COMPUTED_VALUE"""),0.0) | L38: =IFERROR(__xludf.DUMMYFUNCTION("""COMPUTED_VALUE"""),0.431) | M38: =IFERROR(__xludf.DUMMYFUNCTION("""COMPUTED_VALUE"""),"OK")
A39: =IFERROR(__xludf.DUMMYFUNCTION("""COMPUTED_VALUE"""),"V0hm94uW_to") | B39: =IFERROR(__xludf.DUMMYFUNCTION("""COMPUTED_VALUE"""),"9. Jubilación por discapacidad") | C39: =IFERROR(__xludf.DUMMYFUNCTION("""COMPUTED_VALUE"""),25.0) | D39: =IFERROR(__xludf.DUMMYFUNCTION("""COMPUTED_VALUE"""),"Guía de Información 2018/2019 | Sistema Previsional") | E39: =IFERROR(__xludf.DUMMYFUNCTION("""COMPUTED_VALUE"""),"Prestaciones") | F39: =IFERROR(__xludf.DUMMYFUNCTION("""COMPUTED_VALUE"""),"DSC_0775 Jubil disc si.MOV") | G39: =IFERROR(__xludf.DUMMYFUNCTION("""COMPUTED_VALUE"""),26.03) | H39: =IFERROR(__xludf.DUMMYFUNCTION("""COMPUTED_VALUE"""),"Prestaciones") | I39: =IFERROR(__xludf.DUMMYFUNCTION("""COMPUTED_VALUE"""),FALSE) | J39: =IFERROR(__xludf.DUMMYFUNCTION("""COMPUTED_VALUE"""),0.93) | K39: =IFERROR(__xludf.DUMMYFUNCTION("""COMPUTED_VALUE"""),0.0) | L39: =IFERROR(__xludf.DUMMYFUNCTION("""COMPUTED_VALUE"""),0.425) | M39: =IFERROR(__xludf.DUMMYFUNCTION("""COMPUTED_VALUE"""),"OK")
A40: =IFERROR(__xludf.DUMMYFUNCTION("""COMPUTED_VALUE"""),"_j3n-b6Fc_A") | B40: =IFERROR(__xludf.DUMMYFUNCTION("""COMPUTED_VALUE"""),"1. Registro Único Laboral - RUL") | C40: =IFERROR(__xludf.DUMMYFUNCTION("""COMPUTED_VALUE"""),68.0) | D40: =IFERROR(__xludf.DUMMYFUNCTION("""COMPUTED_VALUE"""),"Guía de Información 2018/2019 | Trabajo") | E40: =IFERROR(__xludf.DUMMYFUNCTION("""COMPUTED_VALUE"""),"Trabajo") | F40: =IFERROR(__xludf.DUMMYFUNCTION("""COMPUTED_VALUE"""),"DSC_0884 p.108 rul.MOV") | G40: =IFERROR(__xludf.DUMMYFUNCTION("""COMPUTED_VALUE"""),74.07) | H40: =IFERROR(__xludf.DUMMYFUNCTION("""COMPUTED_VALUE"""),"Trabajo") | I40: =IFERROR(__xludf.DUMMYFUNCTION("""COMPUTED_VALUE"""),TRUE) | J40: =IFERROR(__xludf.DUMMYFUNCTION("""COMPUTED_VALUE"""),0.918) | K40: =IFERROR(__xludf.DUMMYFUNCTION("""COMPUTED_VALUE"""),0.165) | L40: =IFERROR(__xludf.DUMMYFUNCTION("""COMPUTED_VALUE"""),0.512) | M40: =IFERROR(__xludf.DUMMYFUNCTION("""COMPUTED_VALUE"""),"OK")
A41: =IFERROR(__xludf.DUMMYFUNCTION("""COMPUTED_VALUE"""),"ApXvrj82TgY") | B41: =IFERROR(__xludf.DUMMYFUNCTION("""COMPUTED_VALUE"""),"2. Becas de estudio y formación profesional") | C41: =IFERROR(__xludf.DUMMYFUNCTION("""COMPUTED_VALUE"""),56.0) | D41: =IFERROR(__xludf.DUMMYFUNCTION("""COMPUTED_VALUE"""),"Guía de Información 2018/2019 | Trabajo") | E41: =IFERROR(__xludf.DUMMYFUNCTION("""COMPUTED_VALUE"""),"Turismo") | F41: =IFERROR(__xludf.DUMMYFUNCTION("""COMPUTED_VALUE"""),"DSC_1026 becas primera parte.MOV") | G41: =IFERROR(__xludf.DUMMYFUNCTION("""COMPUTED_VALUE"""),59.36) | H41: =IFERROR(__xludf.DUMMYFUNCTION("""COMPUTED_VALUE"""),"unknown") | I41: =IFERROR(__xludf.DUMMYFUNCTION("""COMPUTED_VALUE"""),TRUE) | J41: =IFERROR(__xludf.DUMMYFUNCTION("""COMPUTED_VALUE"""),0.994) | K41: =IFERROR(__xludf.DUMMYFUNCTION("""COMPUTED_VALUE"""),0.0) | L41: =IFERROR(__xludf.DUMMYFUNCTION("""COMPUTED_VALUE"""),0.348) | M41: =IFERROR(__xludf.DUMMYFUNCTION("""COMPUTED_VALUE"""),"OK")
A42: =IFERROR(__xludf.DUMMYFUNCTION("""COMPUTED_VALUE"""),"4T68Q7fSeA4") | B42: =IFERROR(__xludf.DUMMYFUNCTION("""COMPUTED_VALUE"""),"3. Registro Pequeños Comercios") | C42: =IFERROR(__xludf.DUMMYFUNCTION("""COMPUTED_VALUE"""),55.0) | D42: =IFERROR(__xludf.DUMMYFUNCTION("""COMPUTED_VALUE"""),"Guía de Información 2018/2019 | Trabajo") | E42: =IFERROR(__xludf.DUMMYFUNCTION("""COMPUTED_VALUE"""),"Trabajo") | F42: =IFERROR(__xludf.DUMMYFUNCTION("""COMPUTED_VALUE"""),"DSC_1031pquenos com si.MOV") | G42: =IFERROR(__xludf.DUMMYFUNCTION("""COMPUTED_VALUE"""),67.97) | H42: =IFERROR(__xludf.DUMMYFUNCTION("""COMPUTED_VALUE"""),"Trabajo") | I42: =IFERROR(__xludf.DUMMYFUNCTION("""COMPUTED_VALUE"""),TRUE) | J42: =IFERROR(__xludf.DUMMYFUNCTION("""COMPUTED_VALUE"""),0.809) | K42: =IFERROR(__xludf.DUMMYFUNCTION("""COMPUTED_VALUE"""),0.174) | L42: =IFERROR(__xludf.DUMMYFUNCTION("""COMPUTED_VALUE"""),0.479) | M42: =IFERROR(__xludf.DUMMYFUNCTION("""COMPUTED_VALUE"""),"OK")
A43: =IFERROR(__xludf.DUMMYFUNCTION("""COMPUTED_VALUE"""),"-IdA4qbAncw") | B43: =IFERROR(__xludf.DUMMYFUNCTION("""COMPUTED_VALUE"""),"4. Vender en ferias artesanales") | C43: =IFERROR(__xludf.DUMMYFUNCTION("""COMPUTED_VALUE"""),41.0) | D43: =IFERROR(__xludf.DUMMYFUNCTION("""COMPUTED_VALUE"""),"Guía de Información 2018/2019 | Trabajo") | E43: =IFERROR(__xludf.DUMMYFUNCTION("""COMPUTED_VALUE"""),"Trabajo") | F43: =IFERROR(__xludf.DUMMYFUNCTION("""COMPUTED_VALUE"""),"DSC_1034 ferias si.MOV") | G43: =IFERROR(__xludf.DUMMYFUNCTION("""COMPUTED_VALUE"""),44.94) | H43: =IFERROR(__xludf.DUMMYFUNCTION("""COMPUTED_VALUE"""),"Trabajo") | I43: =IFERROR(__xludf.DUMMYFUNCTION("""COMPUTED_VALUE"""),TRUE) | J43: =IFERROR(__xludf.DUMMYFUNCTION("""COMPUTED_VALUE"""),0.912) | K43: =IFERROR(__xludf.DUMMYFUNCTION("""COMPUTED_VALUE"""),0.223) | L43: =IFERROR(__xludf.DUMMYFUNCTION("""COMPUTED_VALUE"""),0.542) | M43: =IFERROR(__xludf.DUMMYFUNCTION("""COMPUTED_VALUE"""),"OK")
A44: =IFERROR(__xludf.DUMMYFUNCTION("""COMPUTED_VALUE"""),"dzQ8_c5glyA") | B44: =IFERROR(__xludf.DUMMYFUNCTION("""COMPUTED_VALUE"""),"5. Programas Nación 16 ↓") | C44: =IFERROR(__xludf.DUMMYFUNCTION("""COMPUTED_VALUE"""),24.0) | D44: =IFERROR(__xludf.DUMMYFUNCTION("""COMPUTED_VALUE"""),"Guía de Información 2018/2019 | Trabajo") | E44: =IFERROR(__xludf.DUMMYFUNCTION("""COMPUTED_VALUE"""),"Educacion") | F44: =IFERROR(__xludf.DUMMYFUNCTION("""COMPUTED_VALUE"""),"DSC_1035 programas nacion.MOV") | G44: =IFERROR(__xludf.DUMMYFUNCTION("""COMPUTED_VALUE"""),27.13) | H44: =IFERROR(__xludf.DUMMYFUNCTION("""COMPUTED_VALUE"""),"unknown") | I44: =IFERROR(__xludf.DUMMYFUNCTION("""COMPUTED_VALUE"""),TRUE) | J44: =IFERROR(__xludf.DUMMYFUNCTION("""COMPUTED_VALUE"""),0.995) | K44: =IFERROR(__xludf.DUMMYFUNCTION("""COMPUTED_VALUE"""),0.0) | L44: =IFERROR(__xludf.DUMMYFUNCTION("""COMPUTED_VALUE"""),0.348) | M44: =IFERROR(__xludf.DUMMYFUNCTION("""COMPUTED_VALUE"""),"OK")
A45: =IFERROR(__xludf.DUMMYFUNCTION("""COMPUTED_VALUE"""),"3gyP_SIz3T0") | B45: =IFERROR(__xludf.DUMMYFUNCTION("""COMPUTED_VALUE"""),"1. Beneficios transporte") | C45: =IFERROR(__xludf.DUMMYFUNCTION("""COMPUTED_VALUE"""),39.0) | D45: =IFERROR(__xludf.DUMMYFUNCTION("""COMPUTED_VALUE"""),"Guía de Información 2018/2019 | Transporte") | E45: =IFERROR(__xludf.DUMMYFUNCTION("""COMPUTED_VALUE"""),"Transporte") | F45: =IFERROR(__xludf.DUMMYFUNCTION("""COMPUTED_VALUE"""),"DSC_0730 transp4 ver.MOV") | G45: =IFERROR(__xludf.DUMMYFUNCTION("""COMPUTED_VALUE"""),43.24) | H45: =IFERROR(__xludf.DUMMYFUNCTION("""COMPUTED_VALUE"""),"Transporte") | I45: =IFERROR(__xludf.DUMMYFUNCTION("""COMPUTED_VALUE"""),FALSE) | J45: =IFERROR(__xludf.DUMMYFUNCTION("""COMPUTED_VALUE"""),0.902) | K45: =IFERROR(__xludf.DUMMYFUNCTION("""COMPUTED_VALUE"""),0.0) | L45: =IFERROR(__xludf.DUMMYFUNCTION("""COMPUTED_VALUE"""),0.416) | M45: =IFERROR(__xludf.DUMMYFUNCTION("""COMPUTED_VALUE"""),"OK")
A46: =IFERROR(__xludf.DUMMYFUNCTION("""COMPUTED_VALUE"""),"Lq8JAf8gTI0") | B46: =IFERROR(__xludf.DUMMYFUNCTION("""COMPUTED_VALUE"""),"2. Pase libre para viajar") | C46: =IFERROR(__xludf.DUMMYFUNCTION("""COMPUTED_VALUE"""),44.0) | D46: =IFERROR(__xludf.DUMMYFUNCTION("""COMPUTED_VALUE"""),"Guía de Información 2018/2019 | Transporte") | E46: =IFERROR(__xludf.DUMMYFUNCTION("""COMPUTED_VALUE"""),"Transporte") | F46: =IFERROR(__xludf.DUMMYFUNCTION("""COMPUTED_VALUE"""),"DSC_0802 Pasaje gratis si.MOV") | G46: =IFERROR(__xludf.DUMMYFUNCTION("""COMPUTED_VALUE"""),49.85) | H46: =IFERROR(__xludf.DUMMYFUNCTION("""COMPUTED_VALUE"""),"Transporte") | I46: =IFERROR(__xludf.DUMMYFUNCTION("""COMPUTED_VALUE"""),TRUE) | J46: =IFERROR(__xludf.DUMMYFUNCTION("""COMPUTED_VALUE"""),0.883) | K46: =IFERROR(__xludf.DUMMYFUNCTION("""COMPUTED_VALUE"""),0.269) | L46: =IFERROR(__xludf.DUMMYFUNCTION("""COMPUTED_VALUE"""),0.557) | M46: =IFERROR(__xludf.DUMMYFUNCTION("""COMPUTED_VALUE"""),"OK")
A47: =IFERROR(__xludf.DUMMYFUNCTION("""COMPUTED_VALUE"""),"Gi5dmimT9mg") | B47: =IFERROR(__xludf.DUMMYFUNCTION("""COMPUTED_VALUE"""),"3. Peaje libre") | C47: =IFERROR(__xludf.DUMMYFUNCTION("""COMPUTED_VALUE"""),31.0) | D47: =IFERROR(__xludf.DUMMYFUNCTION("""COMPUTED_VALUE"""),"Guía de Información 2018/2019 | Transporte") | E47: =IFERROR(__xludf.DUMMYFUNCTION("""COMPUTED_VALUE"""),"Transporte") | F47: =IFERROR(__xludf.DUMMYFUNCTION("""COMPUTED_VALUE"""),"DSC_0809 Peaje libre si.MOV") | G47: =IFERROR(__xludf.DUMMYFUNCTION("""COMPUTED_VALUE"""),33.53) | H47: =IFERROR(__xludf.DUMMYFUNCTION("""COMPUTED_VALUE"""),"Transporte") | I47: =IFERROR(__xludf.DUMMYFUNCTION("""COMPUTED_VALUE"""),TRUE) | J47: =IFERROR(__xludf.DUMMYFUNCTION("""COMPUTED_VALUE"""),0.906) | K47: =IFERROR(__xludf.DUMMYFUNCTION("""COMPUTED_VALUE"""),0.0) | L47: =IFERROR(__xludf.DUMMYFUNCTION("""COMPUTED_VALUE"""),0.417) | M47: =IFERROR(__xludf.DUMMYFUNCTION("""COMPUTED_VALUE"""),"OK")
A48: =IFERROR(__xludf.DUMMYFUNCTION("""COMPUTED_VALUE"""),"DQO5MhSq8ks") | B48: =IFERROR(__xludf.DUMMYFUNCTION("""COMPUTED_VALUE"""),"4. Perro guía o de asistencia") | C48: =IFERROR(__xludf.DUMMYFUNCTION("""COMPUTED_VALUE"""),53.0) | D48: =IFERROR(__xludf.DUMMYFUNCTION("""COMPUTED_VALUE"""),"Guía de Información 2018/2019 | Transporte") | E48: =IFERROR(__xludf.DUMMYFUNCTION("""COMPUTED_VALUE"""),"Transporte") | F48: =IFERROR(__xludf.DUMMYFUNCTION("""COMPUTED_VALUE"""),"DSC_0812 Perro guia primera parte.MOV") | G48: =IFERROR(__xludf.DUMMYFUNCTION("""COMPUTED_VALUE"""),48.95) | H48: =IFERROR(__xludf.DUMMYFUNCTION("""COMPUTED_VALUE"""),"Accesibilidad") | I48: =IFERROR(__xludf.DUMMYFUNCTION("""COMPUTED_VALUE"""),TRUE) | J48: =IFERROR(__xludf.DUMMYFUNCTION("""COMPUTED_VALUE"""),0.924) | K48: =IFERROR(__xludf.DUMMYFUNCTION("""COMPUTED_VALUE"""),0.226) | L48: =IFERROR(__xludf.DUMMYFUNCTION("""COMPUTED_VALUE"""),0.448) | M48: =IFERROR(__xludf.DUMMYFUNCTION("""COMPUTED_VALUE"""),"OK")
A49: =IFERROR(__xludf.DUMMYFUNCTION("""COMPUTED_VALUE"""),"vdp9Fh7jj-8") | B49: =IFERROR(__xludf.DUMMYFUNCTION("""COMPUTED_VALUE"""),"6. ¿Cómo pedir la reserva de estacionamiento? ↓") | C49: =IFERROR(__xludf.DUMMYFUNCTION("""COMPUTED_VALUE"""),45.0) | D49: =IFERROR(__xludf.DUMMYFUNCTION("""COMPUTED_VALUE"""),"Guía de Información 2018/2019 | Transporte") | E49: =IFERROR(__xludf.DUMMYFUNCTION("""COMPUTED_VALUE"""),"Transporte") | F49: =IFERROR(__xludf.DUMMYFUNCTION("""COMPUTED_VALUE"""),"DSC_0824 Reserva estac CONFIRMAR SI.MOV") | G49: =IFERROR(__xludf.DUMMYFUNCTION("""COMPUTED_VALUE"""),49.55) | H49: =IFERROR(__xludf.DUMMYFUNCTION("""COMPUTED_VALUE"""),"Accesibilidad") | I49: =IFERROR(__xludf.DUMMYFUNCTION("""COMPUTED_VALUE"""),TRUE) | J49: =IFERROR(__xludf.DUMMYFUNCTION("""COMPUTED_VALUE"""),0.908) | K49: =IFERROR(__xludf.DUMMYFUNCTION("""COMPUTED_VALUE"""),0.241) | L49: =IFERROR(__xludf.DUMMYFUNCTION("""COMPUTED_VALUE"""),0.45) | M49: =IFERROR(__xludf.DUMMYFUNCTION("""COMPUTED_VALUE"""),"OK")
A50: =IFERROR(__xludf.DUMMYFUNCTION("""COMPUTED_VALUE"""),"gSe9tkhgOT0") | B50: =IFERROR(__xludf.DUMMYFUNCTION("""COMPUTED_VALUE"""),"7. Franquicias") | C50: =IFERROR(__xludf.DUMMYFUNCTION("""COMPUTED_VALUE"""),37.0) | D50: =IFERROR(__xludf.DUMMYFUNCTION("""COMPUTED_VALUE"""),"Guía de Información 2018/2019 | Transporte") | E50: =IFERROR(__xludf.DUMMYFUNCTION("""COMPUTED_VALUE"""),"Transporte") | F50: =IFERROR(__xludf.DUMMYFUNCTION("""COMPUTED_VALUE"""),"DSC_0826 Franquicia si.MOV") | G50: =IFERROR(__xludf.DUMMYFUNCTION("""COMPUTED_VALUE"""),41.04) | H50: =IFERROR(__xludf.DUMMYFUNCTION("""COMPUTED_VALUE"""),"BeneficiosFiscales") | I50: =IFERROR(__xludf.DUMMYFUNCTION("""COMPUTED_VALUE"""),TRUE) | J50: =IFERROR(__xludf.DUMMYFUNCTION("""COMPUTED_VALUE"""),0.708) | K50: =IFERROR(__xludf.DUMMYFUNCTION("""COMPUTED_VALUE"""),0.005) | L50: =IFERROR(__xludf.DUMMYFUNCTION("""COMPUTED_VALUE"""),0.25) | M50: =IFERROR(__xludf.DUMMYFUNCTION("""COMPUTED_VALUE"""),"OK")
A51: =IFERROR(__xludf.DUMMYFUNCTION("""COMPUTED_VALUE"""),"kMOBrkojQbw") | B51: =IFERROR(__xludf.DUMMYFUNCTION("""COMPUTED_VALUE"""),"1. Banco de Elementos Ortopédicos - BEO") | C51: =IFERROR(__xludf.DUMMYFUNCTION("""COMPUTED_VALUE"""),29.0) | D51: =IFERROR(__xludf.DUMMYFUNCTION("""COMPUTED_VALUE"""),"Guía de Información 2018/2019 | Vida Independiente") | E51: =IFERROR(__xludf.DUMMYFUNCTION("""COMPUTED_VALUE"""),"VidaIndependiente") | F51: =IFERROR(__xludf.DUMMYFUNCTION("""COMPUTED_VALUE"""),"DSC_0882 p,105 beo.MOV") | G51: =IFERROR(__xludf.DUMMYFUNCTION("""COMPUTED_VALUE"""),32.43) | H51: =IFERROR(__xludf.DUMMYFUNCTION("""COMPUTED_VALUE"""),"Salud") | I51: =IFERROR(__xludf.DUMMYFUNCTION("""COMPUTED_VALUE"""),TRUE) | J51: =IFERROR(__xludf.DUMMYFUNCTION("""COMPUTED_VALUE"""),0.894) | K51: =IFERROR(__xludf.DUMMYFUNCTION("""COMPUTED_VALUE"""),0.136) | L51: =IFERROR(__xludf.DUMMYFUNCTION("""COMPUTED_VALUE"""),0.388) | M51: =IFERROR(__xludf.DUMMYFUNCTION("""COMPUTED_VALUE"""),"OK")

Sheet NO_CURADOS
A1: =IFERROR(__xludf.DUMMYFUNCTION("{ MATCHES!A1:E1; SORT( UNIQUE( FILTER( MATCHES!A2:E1000, MATCHES!M2:M1000<>""OK"", ISNA( MATCH( MATCHES!A2:A1000, FILTER(MATCHES!A2:A1000, MATCHES!M2:M1000=""OK""), 0 ) ) ) "&" ), 4, TRUE, 2, TRUE ) }"),"yt_id") | B1: =IFERROR(__xludf.DUMMYFUNCTION("""COMPUTED_VALUE"""),"yt_title") | C1: =IFERROR(__xludf.DUMMYFUNCTION("""COMPUTED_VALUE"""),"yt_dur_s") | D1: =IFERROR(__xludf.DUMMYFUNCTION("""COMPUTED_VALUE"""),"playlist") | E1: =IFERROR(__xludf.DUMMYFUNCTION("""COMPUTED_VALUE"""),"yt_topic")
A2: =IFERROR(__xludf.DUMMYFUNCTION("""COMPUTED_VALUE"""),"0Vxf04VftJE") | B2: =IFERROR(__xludf.DUMMYFUNCTION("""COMPUTED_VALUE"""),"1. Beneficios fiscales") | C2: =IFERROR(__xludf.DUMMYFUNCTION("""COMPUTED_VALUE"""),5.0) | D2: =IFERROR(__xludf.DUMMYFUNCTION("""COMPUTED_VALUE"""),"Guía de Información 2018/2019 | Beneficios Fiscales") | E2: =IFERROR(__xludf.DUMMYFUNCTION("""COMPUTED_VALUE"""),"BeneficiosFiscales")
A3: =IFERROR(__xludf.DUMMYFUNCTION("""COMPUTED_VALUE"""),"vP2AvPqVYa8") | B3: =IFERROR(__xludf.DUMMYFUNCTION("""COMPUTED_VALUE"""),"2. ¿Qué es una exención fiscal?") | C3: =IFERROR(__xludf.DUMMYFUNCTION("""COMPUTED_VALUE"""),21.0) | D3: =IFERROR(__xludf.DUMMYFUNCTION("""COMPUTED_VALUE"""),"Guía de Información 2018/2019 | Beneficios Fiscales") | E3: =IFERROR(__xludf.DUMMYFUNCTION("""COMPUTED_VALUE"""),"BeneficiosFiscales")
A4: =IFERROR(__xludf.DUMMYFUNCTION("""COMPUTED_VALUE"""),"75jVq4wKLEo") | B4: =IFERROR(__xludf.DUMMYFUNCTION("""COMPUTED_VALUE"""),"5. ¿Para qué son los ajustes razonables?") | C4: =IFERROR(__xludf.DUMMYFUNCTION("""COMPUTED_VALUE"""),24.0) | D4: =IFERROR(__xludf.DUMMYFUNCTION("""COMPUTED_VALUE"""),"Guía de Información 2018/2019 | Certificado Único de Discapacidad - CUD") | E4: =IFERROR(__xludf.DUMMYFUNCTION("""COMPUTED_VALUE"""),"CUD")
A5: =IFERROR(__xludf.DUMMYFUNCTION("""COMPUTED_VALUE"""),"J6xUFDqW4BA") | B5: =IFERROR(__xludf.DUMMYFUNCTION("""COMPUTED_VALUE"""),"1. Organizaciones Sociedad Civil - OSC") | C5: =IFERROR(__xludf.DUMMYFUNCTION("""COMPUTED_VALUE"""),50.0) | D5: =IFERROR(__xludf.DUMMYFUNCTION("""COMPUTED_VALUE"""),"Guía de Información 2018/2019 | Participación") | E5: =IFERROR(__xludf.DUMMYFUNCTION("""COMPUTED_VALUE"""),"Participacion")
A6: =IFERROR(__xludf.DUMMYFUNCTION("""COMPUTED_VALUE"""),"OTmV28NGG5I") | B6: =IFERROR(__xludf.DUMMYFUNCTION("""COMPUTED_VALUE"""),"2 - Fortalecimiento ↓") | C6: =IFERROR(__xludf.DUMMYFUNCTION("""COMPUTED_VALUE"""),25.0) | D6: =IFERROR(__xludf.DUMMYFUNCTION("""COMPUTED_VALUE"""),"Guía de Información 2018/2019 | Participación") | E6: =IFERROR(__xludf.DUMMYFUNCTION("""COMPUTED_VALUE"""),"Participacion")
A7: =IFERROR(__xludf.DUMMYFUNCTION("""COMPUTED_VALUE"""),"Mu_txXs9ihg") | B7: =IFERROR(__xludf.DUMMYFUNCTION("""COMPUTED_VALUE"""),"4. Reclamar prestaciones básicas de salud") | C7: =IFERROR(__xludf.DUMMYFUNCTION("""COMPUTED_VALUE"""),63.0) | D7: =IFERROR(__xludf.DUMMYFUNCTION("""COMPUTED_VALUE"""),"Guía de Información 2018/2019 | Salud") | E7: =IFERROR(__xludf.DUMMYFUNCTION("""COMPUTED_VALUE"""),"Salud")
A8: =IFERROR(__xludf.DUMMYFUNCTION("""COMPUTED_VALUE"""),"MkSTIErbEbk") | B8: =IFERROR(__xludf.DUMMYFUNCTION("""COMPUTED_VALUE"""),"3. ¿Cuándo podes cobrar la pensión por discapacidad?") | C8: =IFERROR(__xludf.DUMMYFUNCTION("""COMPUTED_VALUE"""),39.0) | D8: =IFERROR(__xludf.DUMMYFUNCTION("""COMPUTED_VALUE"""),"Guía de Información 2018/2019 | Sistema Previsional") | E8: =IFERROR(__xludf.DUMMYFUNCTION("""COMPUTED_VALUE"""),"Prestaciones")
A9: =IFERROR(__xludf.DUMMYFUNCTION("""COMPUTED_VALUE"""),"71AmCt5zrr8") | B9: =IFERROR(__xludf.DUMMYFUNCTION("""COMPUTED_VALUE"""),"4. ¿Cómo se tramita la pensión por discapacidad?") | C9: =IFERROR(__xludf.DUMMYFUNCTION("""COMPUTED_VALUE"""),14.0) | D9: =IFERROR(__xludf.DUMMYFUNCTION("""COMPUTED_VALUE"""),"Guía de Información 2018/2019 | Sistema Previsional") | E9: =IFERROR(__xludf.DUMMYFUNCTION("""COMPUTED_VALUE"""),"Prestaciones")
A10: =IFERROR(__xludf.DUMMYFUNCTION("""COMPUTED_VALUE"""),"O_9wfdgHaW4") | B10: =IFERROR(__xludf.DUMMYFUNCTION("""COMPUTED_VALUE"""),"8. Asignación por hijo con discapacidad") | C10: =IFERROR(__xludf.DUMMYFUNCTION("""COMPUTED_VALUE"""),38.0) | D10: =IFERROR(__xludf.DUMMYFUNCTION("""COMPUTED_VALUE"""),"Guía de Información 2018/2019 | Sistema Previsional") | E10: =IFERROR(__xludf.DUMMYFUNCTION("""COMPUTED_VALUE"""),"Prestaciones")
A11: =IFERROR(__xludf.DUMMYFUNCTION("""COMPUTED_VALUE"""),"kcChz0qrXZs") | B11: =IFERROR(__xludf.DUMMYFUNCTION("""COMPUTED_VALUE"""),"5. Símbolo Internacional de Acceso") | C11: =IFERROR(__xludf.DUMMYFUNCTION("""COMPUTED_VALUE"""),66.0) | D11: =IFERROR(__xludf.DUMMYFUNCTION("""COMPUTED_VALUE"""),"Guía de Información 2018/2019 | Transporte") | E11: =IFERROR(__xludf.DUMMYFUNCTION("""COMPUTED_VALUE"""),"Transporte")
A12: =IFERROR(__xludf.DUMMYFUNCTION("""COMPUTED_VALUE"""),"ook_O5pd3D0") | B12: =IFERROR(__xludf.DUMMYFUNCTION("""COMPUTED_VALUE"""),"Circuito 1: San Nicolás / Casco Histórico") | C12: =IFERROR(__xludf.DUMMYFUNCTION("""COMPUTED_VALUE"""),222.0) | D12: =IFERROR(__xludf.DUMMYFUNCTION("""COMPUTED_VALUE"""),"Guía de Turismo 2018/2019") | E12: =IFERROR(__xludf.DUMMYFUNCTION("""COMPUTED_VALUE"""),"Turismo")
A13: =IFERROR(__xludf.DUMMYFUNCTION("""COMPUTED_VALUE"""),"VlfX8oURh-s") | B13: =IFERROR(__xludf.DUMMYFUNCTION("""COMPUTED_VALUE"""),"Circuito 2: San Telmo / La Boca") | C13: =IFERROR(__xludf.DUMMYFUNCTION("""COMPUTED_VALUE"""),276.0) | D13: =IFERROR(__xludf.DUMMYFUNCTION("""COMPUTED_VALUE"""),"Guía de Turismo 2018/2019") | E13: =IFERROR(__xludf.DUMMYFUNCTION("""COMPUTED_VALUE"""),"Turismo")
A14: =IFERROR(__xludf.DUMMYFUNCTION("""COMPUTED_VALUE"""),"q4S4J59Dvr8") | B14: =IFERROR(__xludf.DUMMYFUNCTION("""COMPUTED_VALUE"""),"Circuito 3: Recoleta / Retiro") | C14: =IFERROR(__xludf.DUMMYFUNCTION("""COMPUTED_VALUE"""),190.0) | D14: =IFERROR(__xludf.DUMMYFUNCTION("""COMPUTED_VALUE"""),"Guía de Turismo 2018/2019") | E14: =IFERROR(__xludf.DUMMYFUNCTION("""COMPUTED_VALUE"""),"Turismo")
A15: =IFERROR(__xludf.DUMMYFUNCTION("""COMPUTED_VALUE"""),"nbHsyDeo3Eo") | B15: =IFERROR(__xludf.DUMMYFUNCTION("""COMPUTED_VALUE"""),"Circuito 4: Puerto Madero / Balvanera") | C15: =IFERROR(__xludf.DUMMYFUNCTION("""COMPUTED_VALUE"""),270.0) | D15: =IFERROR(__xludf.DUMMYFUNCTION("""COMPUTED_VALUE"""),"Guía de Turismo 2018/2019") | E15: =IFERROR(__xludf.DUMMYFUNCTION("""COMPUTED_VALUE"""),"Turismo")
A16: =IFERROR(__xludf.DUMMYFUNCTION("""COMPUTED_VALUE"""),"QG7ND5YNfVQ") | B16: =IFERROR(__xludf.DUMMYFUNCTION("""COMPUTED_VALUE"""),"Circuito 5: Palermo / Belgrano") | C16: =IFERROR(__xludf.DUMMYFUNCTION("""COMPUTED_VALUE"""),196.0) | D16: =IFERROR(__xludf.DUMMYFUNCTION("""COMPUTED_VALUE"""),"Guía de Turismo 2018/2019") | E16: =IFERROR(__xludf.DUMMYFUNCTION("""COMPUTED_VALUE"""),"Turismo")
A17: =IFERROR(__xludf.DUMMYFUNCTION("""COMPUTED_VALUE"""),"7az9Z92XonA") | B17: =IFERROR(__xludf.DUMMYFUNCTION("""COMPUTED_VALUE"""),"Circuito 6: Provincia de Buenos Aires - La Plata") | C17: =IFERROR(__xludf.DUMMYFUNCTION("""COMPUTED_VALUE"""),66.0) | D17: =IFERROR(__xludf.DUMMYFUNCTION("""COMPUTED_VALUE"""),"Guía de Turismo 2018/2019") | E17: =IFERROR(__xludf.DUMMYFUNCTION("""COMPUTED_VALUE"""),"Turismo")
A18: =IFERROR(__xludf.DUMMYFUNCTION("""COMPUTED_VALUE"""),"EGxhVpFU1OI") | B18: =IFERROR(__xludf.DUMMYFUNCTION("""COMPUTED_VALUE"""),"Circuito 7: Provincia de Buenos Aires / Bahía Blanca") | C18: =IFERROR(__xludf.DUMMYFUNCTION("""COMPUTED_VALUE"""),59.0) | D18: =IFERROR(__xludf.DUMMYFUNCTION("""COMPUTED_VALUE"""),"Guía de Turismo 2018/2019") | E18: =IFERROR(__xludf.DUMMYFUNCTION("""COMPUTED_VALUE"""),"Turismo")
A19: =IFERROR(__xludf.DUMMYFUNCTION("""COMPUTED_VALUE"""),"bg8ySVMa71A") | B19: =IFERROR(__xludf.DUMMYFUNCTION("""COMPUTED_VALUE"""),"Circuito 8 y 9: Provincia de Buenos Aires/ Mar del Plata") | C19: =IFERROR(__xludf.DUMMYFUNCTION("""COMPUTED_VALUE"""),60.0) | D19: =IFERROR(__xludf.DUMMYFUNCTION("""COMPUTED_VALUE"""),"Guía de Turismo 2018/2019") | E19: =IFERROR(__xludf.DUMMYFUNCTION("""COMPUTED_VALUE"""),"Turismo")

Sheet CRUDOS
A1: num | B1: dsc_stem | C1: asignado | D1: has_subtitle
A2: 1044 | B2: DSC_1044 fortalecimiento si | C2: {=IF( COUNTIF( SUBSTITUTE(CURADOS!F$2:F1000, ".MOV", ""), SUBSTITUTE(B2, ".MOV", "") )>0, TRUE, FALSE )} | D2: TRUE
A3: 1042 | B3: DSC_1042 osc si | C3: {=IF( COUNTIF( SUBSTITUTE(CURADOS!F$2:F1000, ".MOV", ""), SUBSTITUTE(B3, ".MOV", "") )>0, TRUE, FALSE )} | D3: TRUE
A4: 1028 | B4: DSC_1028 becas ultima parte | C4: {=IF( COUNTIF( SUBSTITUTE(CURADOS!F$2:F1000, ".MOV", ""), SUBSTITUTE(B4, ".MOV", "") )>0, TRUE, FALSE )} | D4: FALSE
A5: 850 | B5: DSC_0850 p.7172 (VER) | C5: {=IF( COUNTIF( SUBSTITUTE(CURADOS!F$2:F1000, ".MOV", ""), SUBSTITUTE(B5, ".MOV", "") )>0, TRUE, FALSE )} | D5: FALSE
A6: 818 | B6: DSC_0818 Simbolo si mejor | C6: {=IF( COUNTIF( SUBSTITUTE(CURADOS!F$2:F1000, ".MOV", ""), SUBSTITUTE(B6, ".MOV", "") )>0, TRUE, FALSE )} | D6: TRUE
A7: 815 | B7: DSC_0815 Perro guia si ultima parte | C7: {=IF( COUNTIF( SUBSTITUTE(CURADOS!F$2:F1000, ".MOV", ""), SUBSTITUTE(B7, ".MOV", "") )>0, TRUE, FALSE )} | D7: FALSE
A8: 795 | B8: DSC_0795 Sin rta si | C8: {=IF( COUNTIF( SUBSTITUTE(CURADOS!F$2:F1000, ".MOV", ""), SUBSTITUTE(B8, ".MOV", "") )>0, TRUE, FALSE )} | D8: TRUE
A9: 773 | B9: DSC_0773 Pension fliar si | C9: {=IF( COUNTIF( SUBSTITUTE(CURADOS!F$2:F1000, ".MOV", ""), SUBSTITUTE(B9, ".MOV", "") )>0, TRUE, FALSE )} | D9: FALSE
A10: 771 | B10: DSC_0771 | C10: {=IF( COUNTIF( SUBSTITUTE(CURADOS!F$2:F1000, ".MOV", ""), SUBSTITUTE(B10, ".MOV", "") )>0, TRUE, FALSE )} | D10: FALSE
A11: 769 | B11: DSC_0769 (2) | C11: {=IF( COUNTIF( SUBSTITUTE(CURADOS!F$2:F1000, ".MOV", ""), SUBSTITUTE(B11, ".MOV", "") )>0, TRUE, FALSE )} | D11: FALSE
A12: 769 | B12: DSC_0769 | C12: {=IF( COUNTIF( SUBSTITUTE(CURADOS!F$2:F1000, ".MOV", ""), SUBSTITUTE(B12, ".MOV", "") )>0, TRUE, FALSE )} | D12: FALSE
A13: 768 | B13: DSC_0768 | C13: {=IF( COUNTIF( SUBSTITUTE(CURADOS!F$2:F1000, ".MOV", ""), SUBSTITUTE(B13, ".MOV", "") )>0, TRUE, FALSE )} | D13: FALSE
A14: 760 | B14: DSC_0760 PNC quien si | C14: {=IF( COUNTIF( SUBSTITUTE(CURADOS!F$2:F1000, ".MOV", ""), SUBSTITUTE(B14, ".MOV", "") )>0, TRUE, FALSE )} | D14: FALSE
A15: 748 | B15: DSC_0748 PNC1 | C15: {=IF( COUNTIF( SUBSTITUTE(CURADOS!F$2:F1000, ".MOV", ""), SUBSTITUTE(B15, ".MOV", "") )>0, TRUE, FALSE )} | D15: FALSE
A16: 747 | B16: DSC_0747 Sist Prev si | C16: {=IF( COUNTIF( SUBSTITUTE(CURADOS!F$2:F1000, ".MOV", ""), SUBSTITUTE(B16, ".MOV", "") )>0, TRUE, FALSE )} | D16: FALSE
A17: 741 | B17: DSC_0741 CUD tramite2 si | C17: {=IF( COUNTIF( SUBSTITUTE(CURADOS!F$2:F1000, ".MOV", ""), SUBSTITUTE(B17, ".MOV", "") )>0, TRUE, FALSE )} | D17: FALSE
A18: 737 | B18: DSC_0737 Apoyo2 primera parte | C18: {=IF( COUNTIF( SUBSTITUTE(CURADOS!F$2:F1000, ".MOV", ""), SUBSTITUTE(B18, ".MOV", "") )>0, TRUE, FALSE )} | D18: FALSE
A19: 735 | B19: DSC_0735 BF3 si | C19: {=IF( COUNTIF( SUBSTITUTE(CURADOS!F$2:F1000, ".MOV", ""), SUBSTITUTE(B19, ".MOV", "") )>0, TRUE, FALSE )} | D19: FALSE
A20: 731 | B20: DSC_0731 CUD dnd si | C20: {=IF( COUNTIF( SUBSTITUTE(CURADOS!F$2:F1000, ".MOV", ""), SUBSTITUTE(B20, ".MOV", "") )>0, TRUE, FALSE )} | D20: FALSE
A21: 724 | B21: DSC_0724 CUD uso5 si | C21: {=IF( COUNTIF( SUBSTITUTE(CURADOS!F$2:F1000, ".MOV", ""), SUBSTITUTE(B21, ".MOV", "") )>0, TRUE, FALSE )} | D21: FALSE
A22: 707 | B22: DSC_0707 Titulo Vida Indep2 si NO SE USA | C22: {=IF( COUNTIF( SUBSTITUTE(CURADOS!F$2:F1000, ".MOV", ""), SUBSTITUTE(B22, ".MOV", "") )>0, TRUE, FALSE )} | D22: FALSE
A23: 705 | B23: DSC_0705 Titulo Educacion | C23: {=IF( COUNTIF( SUBSTITUTE(CURADOS!F$2:F1000, ".MOV", ""), SUBSTITUTE(B23, ".MOV", "") )>0, TRUE, FALSE )} | D23: FALSE
A24: 704 | B24: DSC_0704 Titulo Beneficios Fisc (ver) | C24: {=IF( COUNTIF( SUBSTITUTE(CURADOS!F$2:F1000, ".MOV", ""), SUBSTITUTE(B24, ".MOV", "") )>0, TRUE, FALSE )} | D24: FALSE
A25: 703 | B25: DSC_0703 Titulo SSZonales (ver) | C25: {=IF( COUNTIF( SUBSTITUTE(CURADOS!F$2:F1000, ".MOV", ""), SUBSTITUTE(B25, ".MOV", "") )>0, TRUE, FALSE )} | D25: FALSE
A26: 702 | B26: DSC_0702 Titulo Salud Transp Acc | C26: {=IF( COUNTIF( SUBSTITUTE(CURADOS!F$2:F1000, ".MOV", ""), SUBSTITUTE(B26, ".MOV", "") )>0, TRUE, FALSE )} | D26: FALSE
A27: 700 | B27: DSC_0700 Titulo CUD | C27: {=IF( COUNTIF( SUBSTITUTE(CURADOS!F$2:F1000, ".MOV", ""), SUBSTITUTE(B27, ".MOV", "") )>0, TRUE, FALSE )} | D27: FALSE
A28: 1035 | B28: DSC_1035 programas nacion | C28: {=IF( COUNTIF( SUBSTITUTE(CURADOS!F$2:F1000, ".MOV", ""), SUBSTITUTE(B28, ".MOV", "") )>0, TRUE, FALSE )} | D28: TRUE
A29: 1034 | B29: DSC_1034 ferias si | C29: {=IF( COUNTIF( SUBSTITUTE(CURADOS!F$2:F1000, ".MOV", ""), SUBSTITUTE(B29, ".MOV", "") )>0, TRUE, FALSE )} | D29: TRUE
A30: 1031 | B30: DSC_1031pquenos com si | C30: {=IF( COUNTIF( SUBSTITUTE(CURADOS!F$2:F1000, ".MOV", ""), SUBSTITUTE(B30, ".MOV", "") )>0, TRUE, FALSE )} | D30: TRUE
A31: 1026 | B31: DSC_1026 becas primera parte | C31: {=IF( COUNTIF( SUBSTITUTE(CURADOS!F$2:F1000, ".MOV", ""), SUBSTITUTE(B31, ".MOV", "") )>0, TRUE, FALSE )} | D31: TRUE
A32: 884 | B32: DSC_0884 p.108 rul | C32: {=IF( COUNTIF( SUBSTITUTE(CURADOS!F$2:F1000, ".MOV", ""), SUBSTITUTE(B32, ".MOV", "") )>0, TRUE, FALSE )} | D32: TRUE
A33: 882 | B33: DSC_0882 p,105 beo | C33: {=IF( COUNTIF( SUBSTITUTE(CURADOS!F$2:F1000, ".MOV", ""), SUBSTITUTE(B33, ".MOV", "") )>0, TRUE, FALSE )} | D33: TRUE
A34: 881 | B34: DSC_0881 p.96 material en braille | C34: {=IF( COUNTIF( SUBSTITUTE(CURADOS!F$2:F1000, ".MOV", ""), SUBSTITUTE(B34, ".MOV", "") )>0, TRUE, FALSE )} | D34: TRUE
A35: 878 | B35: DSC_0878 p. 95 escuelas hospitalarias | C35: {=IF( COUNTIF( SUBSTITUTE(CURADOS!F$2:F1000, ".MOV", ""), SUBSTITUTE(B35, ".MOV", "") )>0, TRUE, FALSE )} | D35: TRUE
A36: 875 | B36: DSC_0875 p.92 cepapi _ rehacer | C36: {=IF( COUNTIF( SUBSTITUTE(CURADOS!F$2:F1000, ".MOV", ""), SUBSTITUTE(B36, ".MOV", "") )>0, TRUE, FALSE )} | D36: FALSE
A37: 873 | B37: DSC_0873 p.87 que apoyos te da el Ministerio de Educacion | C37: {=IF( COUNTIF( SUBSTITUTE(CURADOS!F$2:F1000, ".MOV", ""), SUBSTITUTE(B37, ".MOV", "") )>0, TRUE, FALSE )} | D37: TRUE
A38: 871 | B38: DSC_0871 p.86 registro docentes apoyo | C38: {=IF( COUNTIF( SUBSTITUTE(CURADOS!F$2:F1000, ".MOV", ""), SUBSTITUTE(B38, ".MOV", "") )>0, TRUE, FALSE )} | D38: TRUE
A39: 866 | B39: DSC_0866 p.85 libros escolares accesibles | C39: {=IF( COUNTIF( SUBSTITUTE(CURADOS!F$2:F1000, ".MOV", ""), SUBSTITUTE(B39, ".MOV", "") )>0, TRUE, FALSE )} | D39: TRUE
A40: 862 | B40: DSC_0862 p. 85 apoyos copidis educacion | C40: {=IF( COUNTIF( SUBSTITUTE(CURADOS!F$2:F1000, ".MOV", ""), SUBSTITUTE(B40, ".MOV", "") )>0, TRUE, FALSE )} | D40: TRUE
A41: 858 | B41: DSC_0858 p. 75 ayuda tecnica | C41: {=IF( COUNTIF( SUBSTITUTE(CURADOS!F$2:F1000, ".MOV", ""), SUBSTITUTE(B41, ".MOV", "") )>0, TRUE, FALSE )} | D41: TRUE
A42: 856 | B42: DSC_0856 p.74 | C42: {=IF( COUNTIF( SUBSTITUTE(CURADOS!F$2:F1000, ".MOV", ""), SUBSTITUTE(B42, ".MOV", "") )>0, TRUE, FALSE )} | D42: TRUE
A43: 851 | B43: DSC_0851 p.73 | C43: {=IF( COUNTIF( SUBSTITUTE(CURADOS!F$2:F1000, ".MOV", ""), SUBSTITUTE(B43, ".MOV", "") )>0, TRUE, FALSE )} | D43: TRUE
A44: 848 | B44: DSC_0848 p.70 BAapp | C44: {=IF( COUNTIF( SUBSTITUTE(CURADOS!F$2:F1000, ".MOV", ""), SUBSTITUTE(B44, ".MOV", "") )>0, TRUE, FALSE )} | D44: TRUE
A45: 847 | B45: DSC_0847 p.69 | C45: {=IF( COUNTIF( SUBSTITUTE(CURADOS!F$2:F1000, ".MOV", ""), SUBSTITUTE(B45, ".MOV", "") )>0, TRUE, FALSE )} | D45: TRUE
A46: 846 | B46: DSC_0846 p.68 lugr publico | C46: {=IF( COUNTIF( SUBSTITUTE(CURADOS!F$2:F1000, ".MOV", ""), SUBSTITUTE(B46, ".MOV", "") )>0, TRUE, FALSE )} | D46: TRUE
A47: 845 | B47: DSC_0845 p.68 edificio accesible | C47: {=IF( COUNTIF( SUBSTITUTE(CURADOS!F$2:F1000, ".MOV", ""), SUBSTITUTE(B47, ".MOV", "") )>0, TRUE, FALSE )} | D47: TRUE
A48: 841 | B48: DSC_0841 p.66 | C48: {=IF( COUNTIF( SUBSTITUTE(CURADOS!F$2:F1000, ".MOV", ""), SUBSTITUTE(B48, ".MOV", "") )>0, TRUE, FALSE )} | D48: TRUE
A49: 839 | B49: DSC_0839 p.65 accesibilidad | C49: {=IF( COUNTIF( SUBSTITUTE(CURADOS!F$2:F1000, ".MOV", ""), SUBSTITUTE(B49, ".MOV", "") )>0, TRUE, FALSE )} | D49: TRUE
A50: 826 | B50: DSC_0826 Franquicia si | C50: {=IF( COUNTIF( SUBSTITUTE(CURADOS!F$2:F1000, ".MOV", ""), SUBSTITUTE(B50, ".MOV", "") )>0, TRUE, FALSE )} | D50: TRUE
A51: 824 | B51: DSC_0824 Reserva estac CONFIRMAR SI | C51: {=IF( COUNTIF( SUBSTITUTE(CURADOS!F$2:F1000, ".MOV", ""), SUBSTITUTE(B51, ".MOV", "") )>0, TRUE, FALSE )} | D51: TRUE
A52: 812 | B52: DSC_0812 Perro guia primera parte | C52: {=IF( COUNTIF( SUBSTITUTE(CURADOS!F$2:F1000, ".MOV", ""), SUBSTITUTE(B52, ".MOV", "") )>0, TRUE, FALSE )} | D52: TRUE
A53: 809 | B53: DSC_0809 Peaje libre si | C53: {=IF( COUNTIF( SUBSTITUTE(CURADOS!F$2:F1000, ".MOV", ""), SUBSTITUTE(B53, ".MOV", "") )>0, TRUE, FALSE )} | D53: TRUE
A54: 802 | B54: DSC_0802 Pasaje gratis si | C54: {=IF( COUNTIF( SUBSTITUTE(CURADOS!F$2:F1000, ".MOV", ""), SUBSTITUTE(B54, ".MOV", "") )>0, TRUE, FALSE )} | D54: TRUE
A55: 799 | B55: DSC_0799 Incluir Salud tramite si | C55: {=IF( COUNTIF( SUBSTITUTE(CURADOS!F$2:F1000, ".MOV", ""), SUBSTITUTE(B55, ".MOV", "") )>0, TRUE, FALSE )} | D55: TRUE
A56: 798 | B56: DSC_0798 Incluir Salud que es si | C56: {=IF( COUNTIF( SUBSTITUTE(CURADOS!F$2:F1000, ".MOV", ""), SUBSTITUTE(B56, ".MOV", "") )>0, TRUE, FALSE )} | D56: TRUE
A57: 797 | B57: DSC_0797 Plan Salud Ciudad si | C57: {=IF( COUNTIF( SUBSTITUTE(CURADOS!F$2:F1000, ".MOV", ""), SUBSTITUTE(B57, ".MOV", "") )>0, TRUE, FALSE )} | D57: TRUE
A58: 792 | B58: DSC_0792 Serv Salud basico si | C58: {=IF( COUNTIF( SUBSTITUTE(CURADOS!F$2:F1000, ".MOV", ""), SUBSTITUTE(B58, ".MOV", "") )>0, TRUE, FALSE )} | D58: FALSE
A59: 789 | B59: DSC_0789 Serv Salud basico si | C59: {=IF( COUNTIF( SUBSTITUTE(CURADOS!F$2:F1000, ".MOV", ""), SUBSTITUTE(B59, ".MOV", "") )>0, TRUE, FALSE )} | D59: FALSE
A60: 785 | B60: DSC_0785 Retiro si | C60: {=IF( COUNTIF( SUBSTITUTE(CURADOS!F$2:F1000, ".MOV", ""), SUBSTITUTE(B60, ".MOV", "") )>0, TRUE, FALSE )} | D60: FALSE
A61: 780 | B61: DSC_0780 Jubil disc edad si | C61: {=IF( COUNTIF( SUBSTITUTE(CURADOS!F$2:F1000, ".MOV", ""), SUBSTITUTE(B61, ".MOV", "") )>0, TRUE, FALSE )} | D61: FALSE
A62: 775 | B62: DSC_0775 Jubil disc si | C62: {=IF( COUNTIF( SUBSTITUTE(CURADOS!F$2:F1000, ".MOV", ""), SUBSTITUTE(B62, ".MOV", "") )>0, TRUE, FALSE )} | D62: FALSE
A63: 771 | B63: DSC_0771 AHHD si | C63: {=IF( COUNTIF( SUBSTITUTE(CURADOS!F$2:F1000, ".MOV", ""), SUBSTITUTE(B63, ".MOV", "") )>0, TRUE, FALSE )} | D63: FALSE
A64: 765 | B64: DSC_0765 CMO si | C64: {=IF( COUNTIF( SUBSTITUTE(CURADOS!F$2:F1000, ".MOV", ""), SUBSTITUTE(B64, ".MOV", "") )>0, TRUE, FALSE )} | D64: FALSE
A65: 761 | B65: DSC_0761 PNC dnd si | C65: {=IF( COUNTIF( SUBSTITUTE(CURADOS!F$2:F1000, ".MOV", ""), SUBSTITUTE(B65, ".MOV", "") )>0, TRUE, FALSE )} | D65: FALSE
A66: 749 | B66: DSC_0749 PNC2 | C66: {=IF( COUNTIF( SUBSTITUTE(CURADOS!F$2:F1000, ".MOV", ""), SUBSTITUTE(B66, ".MOV", "") )>0, TRUE, FALSE )} | D66: FALSE
A67: 746 | B67: DSC_0746 CUD pierde si | C67: {=IF( COUNTIF( SUBSTITUTE(CURADOS!F$2:F1000, ".MOV", ""), SUBSTITUTE(B67, ".MOV", "") )>0, TRUE, FALSE )} | D67: FALSE
A68: 740 | B68: DSC_0740 CUD tramite1si | C68: {=IF( COUNTIF( SUBSTITUTE(CURADOS!F$2:F1000, ".MOV", ""), SUBSTITUTE(B68, ".MOV", "") )>0, TRUE, FALSE )} | D68: FALSE
A69: 738 | B69: DSC_0738 Apoyo3 final | C69: {=IF( COUNTIF( SUBSTITUTE(CURADOS!F$2:F1000, ".MOV", ""), SUBSTITUTE(B69, ".MOV", "") )>0, TRUE, FALSE )} | D69: FALSE
A70: 730 | B70: DSC_0730 transp4 ver | C70: {=IF( COUNTIF( SUBSTITUTE(CURADOS!F$2:F1000, ".MOV", ""), SUBSTITUTE(B70, ".MOV", "") )>0, TRUE, FALSE )} | D70: FALSE
A71: 726 | B71: DSC_0726 salud2 si | C71: {=IF( COUNTIF( SUBSTITUTE(CURADOS!F$2:F1000, ".MOV", ""), SUBSTITUTE(B71, ".MOV", "") )>0, TRUE, FALSE )} | D71: FALSE
A72: 719 | B72: DSC_0719 CUD tram4 si | C72: {=IF( COUNTIF( SUBSTITUTE(CURADOS!F$2:F1000, ".MOV", ""), SUBSTITUTE(B72, ".MOV", "") )>0, TRUE, FALSE )} | D72: FALSE
A73: 718 | B73: DSC_0718 CUD tram3 no c | C73: {=IF( COUNTIF( SUBSTITUTE(CURADOS!F$2:F1000, ".MOV", ""), SUBSTITUTE(B73, ".MOV", "") )>0, TRUE, FALSE )} | D73: FALSE
A74: 715 | B74: DSC_0715 PCD5 si | C74: {=IF( COUNTIF( SUBSTITUTE(CURADOS!F$2:F1000, ".MOV", ""), SUBSTITUTE(B74, ".MOV", "") )>0, TRUE, FALSE )} | D74: FALSE
A75: 710 | B75: DSC_0710 CUD3 si (ver) | C75: {=IF( COUNTIF( SUBSTITUTE(CURADOS!F$2:F1000, ".MOV", ""), SUBSTITUTE(B75, ".MOV", "") )>0, TRUE, FALSE )} | D75: FALSE
A76: 701 | B76: DSC_0701 Titulo Sistema Prev | C76: {=IF( COUNTIF( SUBSTITUTE(CURADOS!F$2:F1000, ".MOV", ""), SUBSTITUTE(B76, ".MOV", "") )>0, TRUE, FALSE )} | D76: FALSE

Sheet Hoja 4
A1: playlist
A2: https://www.youtube.com/watch?v=p34PDLyzY2U&list=PLbwR2bewXC0udCzEIqSKiXOm1qUNZ0sVL

Sheet CATALOGO
A1: playlist | B1: yt_id | C1: title | D1: duration_sec | E1: view_count | F1: has_auto_subs | G1: ocr_confidence | H1: ocr_sample_text | I1: hardcoded_sub | J1: local_file | K1: match_score | L1: has_docx_sub | M1: match_status
A2: LEYES SOBRE LA VIOLENCIA CONTRA LAS MUJERES EN LENGUA DE SEÑAS ARGENTINA (LSA) | B2: p34PDLyzY2U | C2: 0 LEYES SOBRE LA VIOLENCIA CONTRA LAS MUJERES EN LENGUA DE SEÑAS ARGENTINA - PRESENTACIÓN | D2: 195 | E2: 233 | F2: FALSE | M2: sin match
A3: LEYES SOBRE LA VIOLENCIA CONTRA LAS MUJERES EN LENGUA DE SEÑAS ARGENTINA (LSA) | B3: cI2tBm6zV28 | C3: 1 LEY DE PROTECCIÓN INTEGRAL A LAS MUJERES INTRODUCCIÓN ARTÍCULOS 1 y 2 | D3: 181 | E3: 72 | F3: FALSE | M3: sin match
A4: LEYES SOBRE LA VIOLENCIA CONTRA LAS MUJERES EN LENGUA DE SEÑAS ARGENTINA (LSA) | B4: WpcjPF3Az54 | C4: 2 LEY DE PROTECCION INTEGRAL A LA MUJER PARTE 1 ART 3 4 | D4: 352 | E4: 32 | F4: FALSE | M4: sin match
A5: LEYES SOBRE LA VIOLENCIA CONTRA LAS MUJERES EN LENGUA DE SEÑAS ARGENTINA (LSA) | B5: 0TnEJNFfcqk | C5: 3 LEY DE PROTECCION INTEGRAL A LA MUJER PARTE 1_ART 5 | D5: 444 | E5: 16 | F5: FALSE | M5: sin match
A6: LEYES SOBRE LA VIOLENCIA CONTRA LAS MUJERES EN LENGUA DE SEÑAS ARGENTINA (LSA) | B6: g7SPEHgCm8o | C6: 4 LEY DE PROTECCION INTEGRAL A LA MUJERES Art 6 convertido | D6: 453 | E6: 26 | F6: FALSE | M6: sin match
A7: LEYES SOBRE LA VIOLENCIA CONTRA LAS MUJERES EN LENGUA DE SEÑAS ARGENTINA (LSA) | B7: 0IbheCdiSf0 | C7: 5 LEY DE PROTECCIÓN INTEGRAL A LAS MUJERES PARTE 2 Art 7 | D7: 186 | E7: 19 | F7: FALSE | M7: sin match
A8: LEYES SOBRE LA VIOLENCIA CONTRA LAS MUJERES EN LENGUA DE SEÑAS ARGENTINA (LSA) | B8: j1F4WaYk9lc | C8: 6 LEY DE PROTECCIÓN INTEGRAL A LAS MUJERES PARTE2 Art 8 9 | D8: 646 | E8: 11 | F8: FALSE | M8: sin match
A9: LEYES SOBRE LA VIOLENCIA CONTRA LAS MUJERES EN LENGUA DE SEÑAS ARGENTINA (LSA) | B9: jrxdaTB3uM4 | C9: 7 LEY DE PROTECCIÓN INTEGRAL A LAS MUJERES PARTE2 CAP3 ART10 | D9: 232 | E9: 8 | F9: FALSE | M9: sin match
A10: LEYES SOBRE LA VIOLENCIA CONTRA LAS MUJERES EN LENGUA DE SEÑAS ARGENTINA (LSA) | B10: sGI5KhrVPB8 | C10: 8 LEY DE PROTECCION INTEGRAL A LAS MUJERES PARTE2 CAP3 ART11 | D10: 1628 | E10: 23 | F10: FALSE | M10: sin match
A11: LEYES SOBRE LA VIOLENCIA CONTRA LAS MUJERES EN LENGUA DE SEÑAS ARGENTINA (LSA) | B11: lWGuIDfGvcs | C11: 9 LEY DE PROTECCION INTEGRAL A LAS MUEJRES CAP 4 ART 12 13 | D11: 105 | E11: 18 | F11: FALSE | M11: sin match
A12: LEYES SOBRE LA VIOLENCIA CONTRA LAS MUJERES EN LENGUA DE SEÑAS ARGENTINA (LSA) | B12: LvBOswVqwUs | C12: 10 LEY DE PROTECCION INTEGRAL A LA MUJER CAP 4 ART 14 | D12: 410 | E12: 7 | F12: FALSE | M12: sin match
A13: LEYES SOBRE LA VIOLENCIA CONTRA LAS MUJERES EN LENGUA DE SEÑAS ARGENTINA (LSA) | B13: RNbhLvscJXI | C13: 11 LEY DE PROTECCION INTEGRAL A LAS MUJERES PARTE2 CAP4 ART15 | D13: 59 | E13: 11 | F13: FALSE | M13: sin match
... A35: LEYES SOBRE LA VIOLENCIA CONTRA LAS MUJERES EN LENGUA DE SEÑAS ARGENTINA (LSA) | B35: 6B9o9ZF7nnI | C35: 33- EDITORIAL DE CIERRE | D35: 160 | E35: 16 | F35: FALSE | M35: sin match
