Workbook

Sheet RESUMEN
A1: Columna 1 | B1: Videos | C1: Minutos Totales | D1: Minutos Sin Crudo | E1: Minutos Con Crudo | F1: Minutos Hardcoded | G1: Minutos Subtitle
A2: {=UNIQUE(CATALOGO!A2:A1000)} -> Guía de Turismo 2018/2019 | B2: =COUNTIF(CATALOGO!A:A,A2) -> 8 | C2: =SUMIF(CATALOGO!A:A,A2,CATALOGO!D:D)/60 -> 22.316667 | D2: =SUMIFS(CATALOGO!D:D,CATALOGO!A:A,A2,CATALOGO!J:J,"sin match")/60 -> 22.316667 | E2: =(SUMIF(CATALOGO!A:A,A2,CATALOGO!D:D)-SUMIFS(CATALOGO!D:D,CATALOGO!A:A,A2,CATALOGO!J:J,"sin match"))/60 -> 0 | F2: =SUMIFS(CATALOGO!D:D,CATALOGO!A:A,A2,CATALOGO!G:G,TRUE)/60 -> 22.316667 | G2: =SUMIFS(CATALOGO!D:D,CATALOGO!A:A,A2,CATALOGO!I:I,TRUE)/60 -> 0
A3: Guia de Información 2018/2019 | Servicios Sociales Zonales | B3: =COUNTIF(CATALOGO!A:A,A3) -> 3 | C3: =SUMIF(CATALOGO!A:A,A3,CATALOGO!D:D)/60 -> 2.1166667 | D3: =SUMIFS(CATALOGO!D:D,CATALOGO!A:A,A3,CATALOGO!J:J,"sin match")/60 -> 0 | E3: =(SUMIF(CATALOGO!A:A,A3,CATALOGO!D:D)-SUMIFS(CATALOGO!D:D,CATALOGO!A:A,A3,CATALOGO!J:J,"sin match"))/60 -> 2.1166667 | F3: =SUMIFS(CATALOGO!D:D,CATALOGO!A:A,A3,CATALOGO!G:G,TRUE)/60 -> 2.1166667 | G3: =SUMIFS(CATALOGO!D:D,CATALOGO!A:A,A3,CATALOGO!I:I,TRUE)/60 -> 2.1166667
A4: Guía de Información 2018/2019 | Sistema Previsional | B4: =COUNTIF(CATALOGO!A:A,A4) -> 11 | C4: =SUMIF(CATALOGO!A:A,A4,CATALOGO!D:D)/60 -> 5.4166667 | D4: =SUMIFS(CATALOGO!D:D,CATALOGO!A:A,A4,CATALOGO!J:J,"sin match")/60 -> 1.8666667 | E4: =(SUMIF(CATALOGO!A:A,A4,CATALOGO!D:D)-SUMIFS(CATALOGO!D:D,CATALOGO!A:A,A4,CATALOGO!J:J,"sin match"))/60 -> 3.55 | F4: =SUMIFS(CATALOGO!D:D,CATALOGO!A:A,A4,CATALOGO!G:G,TRUE)/60 -> 5.4166667 | G4: =SUMIFS(CATALOGO!D:D,CATALOGO!A:A,A4,CATALOGO!I:I,TRUE)/60 -> 0
A5: Guía de Información 2018/2019 | Vida Independiente | B5: =COUNTIF(CATALOGO!A:A,A5) -> 1 | C5: =SUMIF(CATALOGO!A:A,A5,CATALOGO!D:D)/60 -> 0.48333333 | D5: =SUMIFS(CATALOGO!D:D,CATALOGO!A:A,A5,CATALOGO!J:J,"sin match")/60 -> 0 | E5: =(SUMIF(CATALOGO!A:A,A5,CATALOGO!D:D)-SUMIFS(CATALOGO!D:D,CATALOGO!A:A,A5,CATALOGO!J:J,"sin match"))/60 -> 0.48333333 | F5: =SUMIFS(CATALOGO!D:D,CATALOGO!A:A,A5,CATALOGO!G:G,TRUE)/60 -> 0.48333333 | G5: =SUMIFS(CATALOGO!D:D,CATALOGO!A:A,A5,CATALOGO!I:I,TRUE)/60 -> 0.48333333
A6: Guía de Información 2018/2019 | Participación | B6: =COUNTIF(CATALOGO!A:A,A6) -> 2 | C6: =SUMIF(CATALOGO!A:A,A6,CATALOGO!D:D)/60 -> 1.25 | D6: =SUMIFS(CATALOGO!D:D,CATALOGO!A:A,A6,CATALOGO!J:J,"sin match")/60 -> 1.25 | E6: =(SUMIF(CATALOGO!A:A,A6,CATALOGO!D:D)-SUMIFS(CATALOGO!D:D,CATALOGO!A:A,A6,CATALOGO!J:J,"sin match"))/60 -> 0 | F6: =SUMIFS(CATALOGO!D:D,CATALOGO!A:A,A6,CATALOGO!G:G,TRUE)/60 -> 1.25 | G6: =SUMIFS(CATALOGO!D:D,CATALOGO!A:A,A6,CATALOGO!I:I,TRUE)/60 -> 0
A7: Guía de Información 2018/2019 | Educación | B7: =COUNTIF(CATALOGO!A:A,A7) -> 7 | C7: =SUMIF(CATALOGO!A:A,A7,CATALOGO!D:D)/60 -> 4.55 | D7: =SUMIFS(CATALOGO!D:D,CATALOGO!A:A,A7,CATALOGO!J:J,"sin match")/60 -> 0 | E7: =(SUMIF(CATALOGO!A:A,A7,CATALOGO!D:D)-SUMIFS(CATALOGO!D:D,CATALOGO!A:A,A7,CATALOGO!J:J,"sin match"))/60 -> 4.55 | F7: =SUMIFS(CATALOGO!D:D,CATALOGO!A:A,A7,CATALOGO!G:G,TRUE)/60 -> 4.55 | G7: =SUMIFS(CATALOGO!D:D,CATALOGO!A:A,A7,CATALOGO!I:I,TRUE)/60 -> 3.9333333
A8: Guía de Información 2018/2019 | Transporte | B8: =COUNTIF(CATALOGO!A:A,A8) -> 7 | C8: =SUMIF(CATALOGO!A:A,A8,CATALOGO!D:D)/60 -> 5.25 | D8: =SUMIFS(CATALOGO!D:D,CATALOGO!A:A,A8,CATALOGO!J:J,"sin match")/60 -> 1.1 | E8: =(SUMIF(CATALOGO!A:A,A8,CATALOGO!D:D)-SUMIFS(CATALOGO!D:D,CATALOGO!A:A,A8,CATALOGO!J:J,"sin match"))/60 -> 4.15 | F8: =SUMIFS(CATALOGO!D:D,CATALOGO!A:A,A8,CATALOGO!G:G,TRUE)/60 -> 5.25 | G8: =SUMIFS(CATALOGO!D:D,CATALOGO!A:A,A8,CATALOGO!I:I,TRUE)/60 -> 3.5
A9: Guía de Información 2018/2019 | Accesibilidad | B9: =COUNTIF(CATALOGO!A:A,A9) -> 6 | C9: =SUMIF(CATALOGO!A:A,A9,CATALOGO!D:D)/60 -> 4.65 | D9: =SUMIFS(CATALOGO!D:D,CATALOGO!A:A,A9,CATALOGO!J:J,"sin match")/60 -> 0 | E9: =(SUMIF(CATALOGO!A:A,A9,CATALOGO!D:D)-SUMIFS(CATALOGO!D:D,CATALOGO!A:A,A9,CATALOGO!J:J,"sin match"))/60 -> 4.65 | F9: =SUMIFS(CATALOGO!D:D,CATALOGO!A:A,A9,CATALOGO!G:G,TRUE)/60 -> 4.65 | G9: =SUMIFS(CATALOGO!D:D,CATALOGO!A:A,A9,CATALOGO!I:I,TRUE)/60 -> 4.65
A10: Guía de Información 2018/2019 | Beneficios Fiscales | B10: =COUNTIF(CATALOGO!A:A,A10) -> 2 | C10: =SUMIF(CATALOGO!A:A,A10,CATALOGO!D:D)/60 -> 0.43333333 | D10: =SUMIFS(CATALOGO!D:D,CATALOGO!A:A,A10,CATALOGO!J:J,"sin match")/60 -> 0.43333333 | E10: =(SUMIF(CATALOGO!A:A,A10,CATALOGO!D:D)-SUMIFS(CATALOGO!D:D,CATALOGO!A:A,A10,CATALOGO!J:J,"sin match"))/60 -> 0 | F10: =SUMIFS(CATALOGO!D:D,CATALOGO!A:A,A10,CATALOGO!G:G,TRUE)/60 -> 0.43333333 | G10: =SUMIFS(CATALOGO!D:D,CATALOGO!A:A,A10,CATALOGO!I:I,TRUE)/60 -> 0
A11: Guía de Información 2018/2019 | Trabajo | B11: =COUNTIF(CATALOGO!A:A,A11) -> 5 | C11: =SUMIF(CATALOGO!A:A,A11,CATALOGO!D:D)/60 -> 4.0666667 | D11: =SUMIFS(CATALOGO!D:D,CATALOGO!A:A,A11,CATALOGO!J:J,"sin match")/60 -> 0 | E11: =(SUMIF(CATALOGO!A:A,A11,CATALOGO!D:D)-SUMIFS(CATALOGO!D:D,CATALOGO!A:A,A11,CATALOGO!J:J,"sin match"))/60 -> 4.0666667 | F11: =SUMIFS(CATALOGO!D:D,CATALOGO!A:A,A11,CATALOGO!G:G,TRUE)/60 -> 4.0666667 | G11: =SUMIFS(CATALOGO!D:D,CATALOGO!A:A,A11,CATALOGO!I:I,TRUE)/60 -> 4.0666667
A12: Guía de Información 2018/2019 | Salud | B12: =COUNTIF(CATALOGO!A:A,A12) -> 7 | C12: =SUMIF(CATALOGO!A:A,A12,CATALOGO!D:D)/60 -> 4.2166667 | D12: =SUMIFS(CATALOGO!D:D,CATALOGO!A:A,A12,CATALOGO!J:J,"sin match")/60 -> 1.05 | E12: =(SUMIF(CATALOGO!A:A,A12,CATALOGO!D:D)-SUMIFS(CATALOGO!D:D,CATALOGO!A:A,A12,CATALOGO!J:J,"sin match"))/60 -> 3.1666667 | F12: =SUMIFS(CATALOGO!D:D,CATALOGO!A:A,A12,CATALOGO!G:G,TRUE)/60 -> 4.2166667 | G12: =SUMIFS(CATALOGO!D:D,CATALOGO!A:A,A12,CATALOGO!I:I,TRUE)/60 -> 1.7666667
A13: Guía de Información 2018/2019 | Certificado Único de Discapacidad - CUD | B13: =COUNTIF(CATALOGO!A:A,A13) -> 8 | C13: =SUMIF(CATALOGO!A:A,A13,CATALOGO!D:D)/60 -> 5.5833333 | D13: =SUMIFS(CATALOGO!D:D,CATALOGO!A:A,A13,CATALOGO!J:J,"sin match")/60 -> 0.4 | E13: =(SUMIF(CATALOGO!A:A,A13,CATALOGO!D:D)-SUMIFS(CATALOGO!D:D,CATALOGO!A:A,A13,CATALOGO!J:J,"sin match"))/60 -> 5.1833333 | F13: =SUMIFS(CATALOGO!D:D,CATALOGO!A:A,A13,CATALOGO!G:G,TRUE)/60 -> 5.5833333 | G13: =SUMIFS(CATALOGO!D:D,CATALOGO!A:A,A13,CATALOGO!I:I,TRUE)/60 -> 0
A14: VJORNADA DE VIDA INDEPENDIENTE 2020 | B14: =COUNTIF(CATALOGO!A:A,A14) -> 2 | C14: =SUMIF(CATALOGO!A:A,A14,CATALOGO!D:D)/60 -> 344.18333 | D14: =SUMIFS(CATALOGO!D:D,CATALOGO!A:A,A14,CATALOGO!M:M,"sin match")/60 -> 0 | E14: =(SUMIF(CATALOGO!A:A,A14,CATALOGO!D:D)-SUMIFS(CATALOGO!D:D,CATALOGO!A:A,A14,CATALOGO!M:M,"sin match"))/60 -> 344.18333 | F14: =SUMIFS(CATALOGO!D:D,CATALOGO!A:A,A14,CATALOGO!I:I,TRUE)/60 -> 0 | G14: =SUMIFS(CATALOGO!D:D,CATALOGO!A:A,A14,CATALOGO!L:L,TRUE)/60 -> 0
A15: LEYES SOBRE LA VIOLENCIA CONTRA LAS MUJERES EN LENGUA DE SEÑAS ARGENTINA (LSA) | B15: =COUNTIF(CATALOGO!A:A,A15) -> 34 | C15: =SUMIF(CATALOGO!A:A,A15,CATALOGO!D:D)/60 -> 138.66667 | D15: =SUMIFS(CATALOGO!D:D,CATALOGO!A:A,A15,CATALOGO!M:M,"sin match")/60 -> 0 | E15: =(SUMIF(CATALOGO!A:A,A15,CATALOGO!D:D)-SUMIFS(CATALOGO!D:D,CATALOGO!A:A,A15,CATALOGO!M:M,"sin match"))/60 -> 138.66667 | F15: =SUMIFS(CATALOGO!D:D,CATALOGO!A:A,A15,CATALOGO!I:I,TRUE)/60 -> 0 | G15: =SUMIFS(CATALOGO!D:D,CATALOGO!A:A,A15,CATALOGO!L:L,TRUE)/60 -> 0
A17: SUBTOTAL | C17: =SUM(C2:C13) -> 60.333333 | D17: =SUM(D2:D13) -> 28.416667 | E17: =SUM(E2:E13) -> 31.916667 | F17: =SUM(F2:F12) -> 54.75 | G17: =SUM(G2:G13) -> 20.516667
A19: V Jornada de Vida Independiente - Vivienda con Apoyos: El Derecho a vivir de forma independiente.

Sheet CATALOGO
A1: playlist | B1: yt_id | C1: title | D1: duration_sec | E1: view_count | F1: has_auto_subs | G1: hardcoded_sub | H1: local_file | I1: has_docx_sub | J1: match_status | K1: notas
A2: Guía de Turismo 2018/2019 | B2: ook_O5pd3D0 | C2: Circuito 1: San Nicolás / Casco Histórico | D2: 222 | E2: 95 | F2: FALSE | G2: TRUE | I2: FALSE | J2: sin match | K2: material crudo no encontrado
A3: Guía de Turismo 2018/2019 | B3: VlfX8oURh-s | C3: Circuito 2: San Telmo / La Boca | D3: 276 | E3: 131 | F3: FALSE | G3: TRUE | I3: FALSE | J3: sin match | K3: material crudo no encontrado
A4: Guía de Turismo 2018/2019 | B4: q4S4J59Dvr8 | C4: Circuito 3: Recoleta / Retiro | D4: 190 | E4: 13 | F4: FALSE | G4: TRUE | I4: FALSE | J4: sin match | K4: material crudo no encontrado
A5: Guía de Turismo 2018/2019 | B5: nbHsyDeo3Eo | C5: Circuito 4: Puerto Madero / Balvanera | D5: 270 | E5: 22 | F5: FALSE | G5: TRUE | I5: FALSE | J5: sin match | K5: material crudo no encontrado
A6: Guía de Turismo 2018/2019 | B6: QG7ND5YNfVQ | C6: Circuito 5: Palermo / Belgrano | D6: 196 | E6: 17 | F6: FALSE | G6: TRUE | I6: FALSE | J6: sin match | K6: material crudo no encontrado
A7: Guía de Turismo 2018/2019 | B7: 7az9Z92XonA | C7: Circuito 6: Provincia de Buenos Aires - La Plata | D7: 66 | E7: 28 | F7: FALSE | G7: TRUE | I7: FALSE | J7: sin match | K7: material crudo no encontrado
A8: Guía de Turismo 2018/2019 | B8: EGxhVpFU1OI | C8: Circuito 7: Provincia de Buenos Aires / Bahía Blanca | D8: 59 | E8: 26 | F8: FALSE | G8: TRUE | I8: FALSE | J8: sin match | K8: material crudo no encontrado
A9: Guía de Turismo 2018/2019 | B9: bg8ySVMa71A | C9: Circuito 8 y 9: Provincia de Buenos Aires/ Mar del Plata | D9: 60 | E9: 32 | F9: FALSE | G9: TRUE | I9: FALSE | J9: sin match | K9: material crudo no encontrado
A10: Guia de Información 2018/2019 | Servicios Sociales Zonales | B10: u07hL-EzTpY | C10: 1. Programa Hogares | D10: 52 | E10: 85 | F10: FALSE | G10: TRUE | H10: DSC_0851 p.73.MOV | I10: TRUE | J10: OK
A11: Guia de Información 2018/2019 | Servicios Sociales Zonales | B11: T_vgQJhMWf8 | C11: 2. Apoyos del Gobierno de la Nación | D11: 44 | E11: 172 | F11: FALSE | G11: TRUE | H11: DSC_0856 p.74.MOV | I11: TRUE | J11: OK
A12: Guia de Información 2018/2019 | Servicios Sociales Zonales | B12: 2iYRa7hKg2g | C12: 3. Pedir ayuda técnica | D12: 31 | E12: 130 | F12: FALSE | G12: TRUE | H12: DSC_0858 p. 75 ayuda tecnica.MOV | I12: TRUE | J12: OK
A13: Guía de Información 2018/2019 | Sistema Previsional | B13: KrAliLan0Gs | C13: 1. Sistema previsional | D13: 50 | E13: 334 | F13: FALSE | G13: TRUE | H13: DSC_0701 Titulo Sistema Prev.MOV | I13: FALSE | J13: OK
A14: Guía de Información 2018/2019 | Sistema Previsional | B14: BbiF_2145Es | C14: 2. Pensión no contributiva por discapacidad - PNC | D14: 22 | E14: 302 | F14: FALSE | G14: TRUE | H14: DSC_0749 PNC2.MOV | I14: FALSE | J14: OK
A15: Guía de Información 2018/2019 | Sistema Previsional | B15: MkSTIErbEbk | C15: 3. ¿Cuándo podes cobrar la pensión por discapacidad? | D15: 39 | E15: 225 | F15: FALSE | G15: TRUE | I15: FALSE | J15: sin match
A16: Guía de Información 2018/2019 | Sistema Previsional | B16: 71AmCt5zrr8 | C16: 4. ¿Cómo se tramita la pensión por discapacidad? | D16: 14 | E16: 168 | F16: FALSE | G16: TRUE | I16: FALSE | J16: sin match
A17: Guía de Información 2018/2019 | Sistema Previsional | B17: i1YJ2VoH6_k | C17: 5. Certificado Médico Oficial - CMO | D17: 34 | E17: 728 | F17: FALSE | G17: TRUE | H17: DSC_0765 CMO si.MOV | I17: FALSE | J17: OK
A18: Guía de Información 2018/2019 | Sistema Previsional | B18: lnRWIFwblDw | C18: 6. Asignación universal por hijo con discapacidad | D18: 21 | E18: 510 | F18: FALSE | G18: TRUE | I18: FALSE | J18: sin match
A19: Guía de Información 2018/2019 | Sistema Previsional | B19: O_9wfdgHaW4 | C19: 8. Asignación por hijo con discapacidad | D19: 38 | E19: 279 | F19: FALSE | G19: TRUE | I19: FALSE | J19: sin match
A20: Guía de Información 2018/2019 | Sistema Previsional | B20: V0hm94uW_to | C20: 9. Jubilación por discapacidad | D20: 25 | E20: 162 | F20: FALSE | G20: TRUE | H20: DSC_0775 Jubil disc si.MOV | I20: FALSE | J20: OK
A21: Guía de Información 2018/2019 | Sistema Previsional | B21: DpT8rj_OyXI | C21: 10. Edad jubilación por discapacidad | D21: 21 | E21: 275 | F21: FALSE | G21: TRUE | H21: DSC_0761 PNC dnd si.MOV | I21: FALSE | J21: OK
A22: Guía de Información 2018/2019 | Sistema Previsional | B22: hHqyvAOZpwk | C22: 11. Retiro por invalidez | D22: 33 | E22: 108 | F22: FALSE | G22: TRUE | H22: DSC_0785 Retiro si.MOV | I22: FALSE | J22: OK
A23: Guía de Información 2018/2019 | Sistema Previsional | B23: rX2VatRZzBE | C23: 7. ¿Cuándo podes cobrar la asignación por hijo con discapacidad? | D23: 28 | E23: 922 | F23: FALSE | G23: TRUE | H23: DSC_0771 AHHD si.MOV | I23: FALSE | J23: OK
A24: Guía de Información 2018/2019 | Vida Independiente | B24: kMOBrkojQbw | C24: 1. Banco de Elementos Ortopédicos - BEO | D24: 29 | E24: 148 | F24: FALSE | G24: TRUE | H24: DSC_0882 p,105 beo.MOV | I24: TRUE | J24: OK
A25: Guía de Información 2018/2019 | Participación | B25: J6xUFDqW4BA | C25: 1. Organizaciones Sociedad Civil - OSC | D25: 50 | E25: 104 | F25: FALSE | G25: TRUE | I25: FALSE | J25: sin match
A26: Guía de Información 2018/2019 | Participación | B26: OTmV28NGG5I | C26: 2 - Fortalecimiento ↓ | D26: 25 | E26: 28 | F26: FALSE | G26: TRUE | I26: FALSE | J26: sin match
A27: Guía de Información 2018/2019 | Educación | B27: wSd8jKV42Y8 | C27: 1. Apoyos Educación | D27: 40 | E27: 99 | F27: FALSE | G27: TRUE | H27: DSC_0862 p. 85 apoyos copidis educacion.MOV | I27: TRUE | J27: OK
A28: Guía de Información 2018/2019 | Educación | B28: S2KHEqDAia0 | C28: 2. Materia didáctico Braille ↓ | D28: 46 | E28: 54 | F28: FALSE | G28: TRUE | H28: DSC_0866 p.85 libros escolares accesibles.MOV | I28: TRUE | J28: OK
A29: Guía de Información 2018/2019 | Educación | B29: Psy8y4VfJ2s | C29: 3. Registro Acompañantes No Docentes APND | D29: 57 | E29: 275 | F29: FALSE | G29: TRUE | H29: DSC_0871 p.86 registro docentes apoyo.MOV | I29: TRUE | J29: OK
A30: Guía de Información 2018/2019 | Educación | B30: 5J9xY8gOdUY | C30: 4. Apoyos Ministerio de Educación | D30: 37 | E30: 62 | F30: FALSE | G30: TRUE | H30: DSC_0873 p.87 que apoyos te da el Ministerio de Educacion.MOV | I30: TRUE | J30: OK
A31: Guía de Información 2018/2019 | Educación | B31: Wns-CUyyQL0 | C31: 7. Materiales didácticos | D31: 29 | E31: 60 | F31: FALSE | G31: TRUE | H31: DSC_0881 p.96 material en braille.MOV | I31: TRUE | J31: OK
A32: Guía de Información 2018/2019 | Educación | B32: QlS5zsPqw3k | C32: 6. Escuela hospitalaria o domiciliaria | D32: 27 | E32: 37 | F32: FALSE | G32: TRUE | H32: DSC_0878 p. 95 escuelas hospitalarias.MOV | I32: TRUE | J32: OK
A33: Guía de Información 2018/2019 | Educación | B33: ihpijvrFcbY | C33: 5. Centros educativos de atención y prevención de primera infancia - CEPAPI ↓ | D33: 37 | E33: 152 | F33: FALSE | G33: TRUE | H33: DSC_0875 p.92 cepapi _ rehacer.MOV | I33: FALSE | J33: OK
A34: Guía de Información 2018/2019 | Transporte | B34: vdp9Fh7jj-8 | C34: 6. ¿Cómo pedir la reserva de estacionamiento? ↓ | D34: 45 | F34: FALSE | G34: TRUE | H34: DSC_0824 Reserva estac CONFIRMAR SI.MOV | I34: TRUE | J34: OK
A35: Guía de Información 2018/2019 | Transporte | B35: 3gyP_SIz3T0 | C35: 1. Beneficios transporte | D35: 39 | F35: FALSE | G35: TRUE | H35: DSC_0730 transp4 ver.MOV | I35: FALSE | J35: OK
A36: Guía de Información 2018/2019 | Transporte | B36: gSe9tkhgOT0 | C36: 7. Franquicias | D36: 37 | F36: FALSE | G36: TRUE | H36: DSC_0826 Franquicia si.MOV | I36: TRUE | J36: OK
A37: Guía de Información 2018/2019 | Transporte | B37: Lq8JAf8gTI0 | C37: 2. Pase libre para viajar | D37: 44 | F37: FALSE | G37: TRUE | H37: DSC_0802 Pasaje gratis si.MOV | I37: TRUE | J37: OK
A38: Guía de Información 2018/2019 | Transporte | B38: Gi5dmimT9mg | C38: 3. Peaje libre | D38: 31 | F38: FALSE | G38: TRUE | H38: DSC_0809 Peaje libre si.MOV | I38: TRUE | J38: OK
A39: Guía de Información 2018/2019 | Transporte | B39: DQO5MhSq8ks | C39: 4. Perro guía o de asistencia | D39: 53 | F39: FALSE | G39: TRUE | H39: DSC_0812 Perro guia primera parte.MOV | I39: TRUE | J39: OK
A40: Guía de Información 2018/2019 | Transporte | B40: kcChz0qrXZs | C40: 5. Símbolo Internacional de Acceso | D40: 66 | F40: FALSE | G40: TRUE | I40: FALSE | J40: sin match
A41: Guía de Información 2018/2019 | Accesibilidad | B41: ZbjWSR5fl88 | C41: 6. App BA Accesible | D41: 64 | E41: 216 | F41: FALSE | G41: TRUE | H41: DSC_0848 p.70 BAapp.MOV | I41: TRUE | J41: OK
A42: Guía de Información 2018/2019 | Accesibilidad | B42: 52hONjN3AMk | C42: 1. COPIDIS Área Accesibilidad | D42: 56 | E42: 141 | F42: FALSE | G42: TRUE | H42: DSC_0839 p.65 accesibilidad.MOV | I42: TRUE | J42: OK
A43: Guía de Información 2018/2019 | Accesibilidad | B43: hQPyeZn-CEo | C43: 2. ¿Cómo presentar un reclamo? | D43: 33 | E43: 67 | F43: FALSE | G43: TRUE | H43: DSC_0841 p.66.MOV | I43: TRUE | J43: OK
A44: Guía de Información 2018/2019 | Accesibilidad | B44: oE49uoxSRr8 | C44: 4. Reclamos online | D44: 27 | E44: 61 | F44: FALSE | G44: TRUE | H44: DSC_0846 p.68 lugr publico.MOV | I44: TRUE | J44: OK
A45: Guía de Información 2018/2019 | Accesibilidad | B45: V-YJmvUkKog | C45: 3. Ley No. 962 de accesibilidad edilicia | D45: 47 | E45: 118 | F45: FALSE | G45: TRUE | H45: DSC_0845 p.68 edificio accesible.MOV | I45: TRUE | J45: OK
A46: Guía de Información 2018/2019 | Accesibilidad | B46: Aza2d0yi5bs | C46: 5. Guía de Turismo Accesible | D46: 52 | E46: 139 | F46: FALSE | G46: TRUE | H46: DSC_0847 p.69.MOV | I46: TRUE | J46: OK
A47: Guía de Información 2018/2019 | Beneficios Fiscales | B47: 0Vxf04VftJE | C47: 1. Beneficios fiscales | D47: 5 | E47: 135 | F47: FALSE | G47: TRUE | I47: FALSE | J47: sin match
A48: Guía de Información 2018/2019 | Beneficios Fiscales | B48: vP2AvPqVYa8 | C48: 2. ¿Qué es una exención fiscal? | D48: 21 | E48: 773 | F48: FALSE | G48: TRUE | I48: FALSE | J48: sin match
A49: Guía de Información 2018/2019 | Trabajo | B49: dzQ8_c5glyA | C49: 5. Programas Nación 16 ↓ | D49: 24 | E49: 164 | F49: FALSE | G49: TRUE | H49: DSC_1035 programas nacion.MOV | I49: TRUE | J49: OK
A50: Guía de Información 2018/2019 | Trabajo | B50: -IdA4qbAncw | C50: 4. Vender en ferias artesanales | D50: 41 | E50: 104 | F50: FALSE | G50: TRUE | H50: DSC_1034 ferias si.MOV | I50: TRUE | J50: OK
A51: Guía de Información 2018/2019 | Trabajo | B51: 4T68Q7fSeA4 | C51: 3. Registro Pequeños Comercios | D51: 55 | E51: 74 | F51: FALSE | G51: TRUE | H51: DSC_1031pquenos com si.MOV | I51: TRUE | J51: OK
A52: Guía de Información 2018/2019 | Trabajo | B52: _j3n-b6Fc_A | C52: 1. Registro Único Laboral - RUL | D52: 68 | E52: 106 | F52: FALSE | G52: TRUE | H52: DSC_0884 p.108 rul.MOV | I52: TRUE | J52: OK
A53: Guía de Información 2018/2019 | Trabajo | B53: ApXvrj82TgY | C53: 2. Becas de estudio y formación profesional | D53: 56 | E53: 614 | F53: FALSE | G53: TRUE | H53: DSC_1026 becas primera parte.MOV | I53: TRUE | J53: OK
A54: Guía de Información 2018/2019 | Salud | B54: bw6hm44CRQk | C54: 1. Prestaciones básicas de salud | D54: 15 | E54: 293 | F54: FALSE | G54: TRUE | H54: DSC_0726 salud2 si.MOV | I54: FALSE | J54: OK
A55: Guía de Información 2018/2019 | Salud | B55: Vil9KHTo8p8 | C55: 2. Qué son las prestaciones básicas de salud | D55: 32 | E55: 204 | F55: FALSE | G55: TRUE | H55: DSC_0789 Serv Salud basico si.MOV | I55: FALSE | J55: OK
A56: Guía de Información 2018/2019 | Salud | B56: jomsMKgYkyQ | C56: 3. Pedir prestaciones básicas de salud | D56: 37 | E56: 138 | F56: FALSE | G56: TRUE | H56: DSC_0792 Serv Salud basico si | J56: OK
A57: Guía de Información 2018/2019 | Salud | B57: Mu_txXs9ihg | C57: 4. Reclamar prestaciones básicas de salud | D57: 63 | E57: 125 | F57: FALSE | G57: TRUE | J57: sin match
A58: Guía de Información 2018/2019 | Salud | B58: AU3OdF0iNv0 | C58: 5. Cobertura Porteña Salud | D58: 34 | E58: 157 | F58: FALSE | G58: TRUE | H58: DSC_0797 Plan Salud Ciudad si.MOV | I58: TRUE | J58: OK
A59: Guía de Información 2018/2019 | Salud | B59: XxDsNzglSzU | C59: 6. Incluir Salud | D59: 23 | E59: 107 | F59: FALSE | G59: TRUE | H59: DSC_0798 Incluir Salud que es si.MOV | I59: TRUE | J59: OK
A60: Guía de Información 2018/2019 | Salud | B60: jcWSZirq1ho | C60: 7. Afiliarse a Incluir Salud | D60: 49 | E60: 405 | F60: FALSE | G60: TRUE | H60: DSC_0799 Incluir Salud tramite si.MOV | I60: TRUE | J60: OK
A61: Guía de Información 2018/2019 | Certificado Único de Discapacidad - CUD | B61: qxy6Wv4NRB4 | C61: 1. ¿Qué es el certificado Único de Discapacidad? | D61: 23 | E61: 842 | F61: FALSE | G61: TRUE | H61: DSC_0710 CUD3 si (ver).MOV | I61: FALSE | J61: OK
A62: Guía de Información 2018/2019 | Certificado Único de Discapacidad - CUD | B62: u4R2ZtoexMU | C62: 2. Persona con discapacidad | D62: 35 | E62: 515 | F62: FALSE | G62: TRUE | H62: DSC_0715 PCD5 si | J62: OK
A63: Guía de Información 2018/2019 | Certificado Único de Discapacidad - CUD | B63: WnBynb92GWE | C63: 3. ¿Dónde pedís tu CUD? | D63: 49 | E63: 398 | F63: FALSE | G63: TRUE | H63: DSC_0718 CUD tram3 no c.MOV | I63: FALSE | J63: OK
A64: Guía de Información 2018/2019 | Certificado Único de Discapacidad - CUD | B64: bx3o-WISVPk | C64: 4. ¿Para qué sirve el CUD? | D64: 17 | E64: 379 | F64: FALSE | G64: TRUE | H64: DSC_0719 CUD tram4 si.MOV | I64: FALSE | J64: OK
A65: Guía de Información 2018/2019 | Certificado Único de Discapacidad - CUD | B65: 75jVq4wKLEo | C65: 5. ¿Para qué son los ajustes razonables? | D65: 24 | E65: 530 | F65: FALSE | G65: TRUE | J65: sin match
A66: Guía de Información 2018/2019 | Certificado Único de Discapacidad - CUD | B66: JxP7w7g28D4 | C66: 6. Apoyos y ajustes razonables | D66: 39 | E66: 940 | F66: FALSE | G66: TRUE | H66: DSC_0738 Apoyo3 final.MOV | I66: FALSE | J66: OK
A67: Guía de Información 2018/2019 | Certificado Único de Discapacidad - CUD | B67: fuHTMk6rTkU | C67: 7. ¿Cómo tramitar tu CUD? | D67: 90 | E67: 358 | F67: FALSE | G67: TRUE | H67: DSC_0740 CUD tramite1si.MOV | I67: FALSE | J67: OK
A68: Guía de Información 2018/2019 | Certificado Único de Discapacidad - CUD | B68: 6lWq6bCXwTY | C68: 8. ¿Que podes hacer si perdiste o te robaron el CUD? | D68: 58 | E68: 214 | F68: FALSE | G68: TRUE | H68: DSC_0746 CUD pierde si.MOV | I68: FALSE | J68: OK
A69: VJORNADA DE VIDA INDEPENDIENTE 2020 | B69: DL78KR3_4Z4 | C69: V Jornada de Vida Independiente - Vivienda con Apoyos: El Derecho a vivir de forma independiente. | D69: 10616 | E69: 2600 | F69: FALSE | G69: TRUE | I69: FALSE | J69: sin match | K69: video en 1/2 pantalla. Material crudo no encontrado
A70: VJORNADA DE VIDA INDEPENDIENTE 2020 | B70: 6oxcC0cph9g | C70: V Jornada de Vida Independiente - Vivienda con Apoyos: El Derecho a vivir de forma independiente. | D70: 10035 | E70: 1400 | F70: FALSE | G70: TRUE | I70: FALSE | J70: sin match | K70: video en 1/2 pantalla. Material crudo no encontrado
A71: LEYES SOBRE LA VIOLENCIA CONTRA LAS MUJERES EN LENGUA DE SEÑAS ARGENTINA (LSA) | B71: p34PDLyzY2U | C71: 0 LEYES SOBRE LA VIOLENCIA CONTRA LAS MUJERES EN LENGUA DE SEÑAS ARGENTINA - PRESENTACIÓN | D71: 195 | E71: 233 | F71: FALSE | G71: FALSE | H71: 0 LEYES SOBRE LA VIOLENCIA CONTRA LAS MUJERES EN LENGUA DE SEÑAS ARGENTINA - PRESENTACIÓN | I71: FALSE | J71: OK
A72: LEYES SOBRE LA VIOLENCIA CONTRA LAS MUJERES EN LENGUA DE SEÑAS ARGENTINA (LSA) | B72: cI2tBm6zV28 | C72: 1 LEY DE PROTECCIÓN INTEGRAL A LAS MUJERES INTRODUCCIÓN ARTÍCULOS 1 y 2 | D72: 181 | E72: 72 | F72: FALSE | G72: FALSE | H72: 1 LEY DE PROTECCIÓN INTEGRAL A LAS MUJERES INTRODUCCIÓN ARTÍCULOS 1 y 2 | I72: FALSE | J72: OK
A73: LEYES SOBRE LA VIOLENCIA CONTRA LAS MUJERES EN LENGUA DE SEÑAS ARGENTINA (LSA) | B73: WpcjPF3Az54 | C73: 2 LEY DE PROTECCION INTEGRAL A LA MUJER PARTE 1 ART 3 4 | D73: 352 | E73: 32 | F73: FALSE | G73: FALSE | H73: 2 LEY DE PROTECCION INTEGRAL A LA MUJER PARTE 1 ART 3 4 | I73: FALSE | J73: OK
A74: LEYES SOBRE LA VIOLENCIA CONTRA LAS MUJERES EN LENGUA DE SEÑAS ARGENTINA (LSA) | B74: 0TnEJNFfcqk | C74: 3 LEY DE PROTECCION INTEGRAL A LA MUJER PARTE 1_ART 5 | D74: 444 | E74: 16 | F74: FALSE | G74: FALSE | H74: 3 LEY DE PROTECCION INTEGRAL A LA MUJER PARTE 1_ART 5 | I74: FALSE | J74: OK
A75: LEYES SOBRE LA VIOLENCIA CONTRA LAS MUJERES EN LENGUA DE SEÑAS ARGENTINA (LSA) | B75: g7SPEHgCm8o | C75: 4 LEY DE PROTECCION INTEGRAL A LA MUJERES Art 6 convertido | D75: 453 | E75: 26 | F75: FALSE | G75: FALSE | H75: 4 LEY DE PROTECCION INTEGRAL A LA MUJERES Art 6 convertido | I75: FALSE | J75: OK
A76: LEYES SOBRE LA VIOLENCIA CONTRA LAS MUJERES EN LENGUA DE SEÑAS ARGENTINA (LSA) | B76: 0IbheCdiSf0 | C76: 5 LEY DE PROTECCIÓN INTEGRAL A LAS MUJERES PARTE 2 Art 7 | D76: 186 | E76: 19 | F76: FALSE | G76: FALSE | H76: 5 LEY DE PROTECCIÓN INTEGRAL A LAS MUJERES PARTE 2 Art 7 | I76: FALSE | J76: OK
A77: LEYES SOBRE LA VIOLENCIA CONTRA LAS MUJERES EN LENGUA DE SEÑAS ARGENTINA (LSA) | B77: j1F4WaYk9lc | C77: 6 LEY DE PROTECCIÓN INTEGRAL A LAS MUJERES PARTE2 Art 8 9 | D77: 646 | E77: 11 | F77: FALSE | G77: FALSE | H77: 6 LEY DE PROTECCIÓN INTEGRAL A LAS MUJERES PARTE2 Art 8 9 | I77: FALSE | J77: OK
A78: LEYES SOBRE LA VIOLENCIA CONTRA LAS MUJERES EN LENGUA DE SEÑAS ARGENTINA (LSA) | B78: jrxdaTB3uM4 | C78: 7 LEY DE PROTECCIÓN INTEGRAL A LAS MUJERES PARTE2 CAP3 ART10 | D78: 232 | E78: 8 | F78: FALSE | G78: FALSE | H78: 7 LEY DE PROTECCIÓN INTEGRAL A LAS MUJERES PARTE2 CAP3 ART10 | I78: FALSE | J78: OK
A79: LEYES SOBRE LA VIOLENCIA CONTRA LAS MUJERES EN LENGUA DE SEÑAS ARGENTINA (LSA) | B79: sGI5KhrVPB8 | C79: 8 LEY DE PROTECCION INTEGRAL A LAS MUJERES PARTE2 CAP3 ART11 | D79: 1628 | E79: 23 | F79: FALSE | G79: FALSE | H79: 8 LEY DE PROTECCION INTEGRAL A LAS MUJERES PARTE2 CAP3 ART11 | I79: FALSE | J79: OK
A80: LEYES SOBRE LA VIOLENCIA CONTRA LAS MUJERES EN LENGUA DE SEÑAS ARGENTINA (LSA) | B80: lWGuIDfGvcs | C80: 9 LEY DE PROTECCION INTEGRAL A LAS MUEJRES CAP 4 ART 12 13 | D80: 105 | E80: 18 | F80: FALSE | G80: FALSE | H80: 9 LEY DE PROTECCION INTEGRAL A LAS MUEJRES CAP 4 ART 12 13 | I80: FALSE | J80: OK
A81: LEYES SOBRE LA VIOLENCIA CONTRA LAS MUJERES EN LENGUA DE SEÑAS ARGENTINA (LSA) | B81: LvBOswVqwUs | C81: 10 LEY DE PROTECCION INTEGRAL A LA MUJER CAP 4 ART 14 | D81: 410 | E81: 7 | F81: FALSE | G81: FALSE | H81: 10 LEY DE PROTECCION INTEGRAL A LA MUJER CAP 4 ART 14 | I81: FALSE | J81: OK
A82: LEYES SOBRE LA VIOLENCIA CONTRA LAS MUJERES EN LENGUA DE SEÑAS ARGENTINA (LSA) | B82: RNbhLvscJXI | C82: 11 LEY DE PROTECCION INTEGRAL A LAS MUJERES PARTE2 CAP4 ART15 | D82: 59 | E82: 11 | F82: FALSE | G82: FALSE | H82: 11 LEY DE PROTECCION INTEGRAL A LAS MUJERES PARTE2 CAP4 ART15 | I82: FALSE | J82: OK
... A104: LEYES SOBRE LA VIOLENCIA CONTRA LAS MUJERES EN LENGUA DE SEÑAS ARGENTINA (LSA) | B104: 6B9o9ZF7nnI | C104: 33- EDITORIAL DE CIERRE | D104: 160 | E104: 16 | F104: FALSE | G104: FALSE | H104: 33- EDITORIAL DE CIERRE | I104: FALSE | J104: OK
